hour,price_usd_mwh,carbon_g_kwh
0,53.6,435
1,57.8,432
2,58.4,441
3,56.0,445
4,57.0,443
5,58.3,432
6,61.8,429
7,59.6,407
8,63.0,419
9,60.4,383
10,58.9,337
11,51.0,300
12,38.2,255
13,35.7,260
14,36.2,269
15,46.0,305
16,54.5,346
17,61.9,396
18,77.3,440
19,78.4,471
20,73.9,473
21,65.8,479
22,52.0,459
23,49.3,451
24,48.9,439
25,51.2,434
26,47.3,453
27,46.0,445
28,46.3,450
29,53.4,447
30,55.7,413
31,55.7,418
32,55.6,405
33,57.2,399
34,51.6,356
35,43.4,312
36,43.1,281
37,42.8,244
38,42.9,272
39,47.9,308
40,59.8,348
41,71.4,413
42,83.3,435
43,89.8,479
44,81.7,477
45,74.1,484
46,66.0,467
47,55.5,437
