lead_id,company,industry,source,employees,web_visits_30d,pricing_page_views,email_opens_30d,demo_requested,days_since_last_touch,converted
L0001,Company 0001,healthcare,partner,453,11,0,6,0,19,0
L0002,Company 0002,healthcare,event,53,4,2,4,0,10,0
L0003,Company 0003,education,outbound,1480,10,0,0,0,18,0
L0004,Company 0004,retail,partner,1185,1,0,1,1,1,0
L0005,Company 0005,healthcare,inbound,2657,2,0,1,1,29,0
L0006,Company 0006,retail,partner,31,0,0,0,0,1,0
L0007,Company 0007,healthcare,partner,33,5,1,1,1,8,0
L0008,Company 0008,logistics,outbound,109,0,0,6,0,16,0
L0009,Company 0009,manufacturing,outbound,362,2,0,18,1,39,0
L0010,Company 0010,education,event,19712,0,0,21,0,17,1
L0011,Company 0011,manufacturing,outbound,422,0,0,7,0,1,0
L0012,Company 0012,manufacturing,inbound,1273,2,0,12,0,17,0
L0013,Company 0013,manufacturing,outbound,171,1,1,5,0,19,0
L0014,Company 0014,healthcare,partner,1293,3,0,0,0,5,0
L0015,Company 0015,retail,partner,5918,5,0,0,0,1,1
L0016,Company 0016,education,inbound,138,14,0,0,0,11,1
L0017,Company 0017,manufacturing,event,255,5,0,1,0,78,0
L0018,Company 0018,education,outbound,1176,15,0,1,0,0,0
L0019,Company 0019,logistics,partner,31,2,0,0,0,9,1
L0020,Company 0020,manufacturing,event,227,6,2,8,0,31,0
L0021,Company 0021,education,inbound,1499,2,1,3,1,20,0
L0022,Company 0022,healthcare,event,292,7,1,2,0,1,0
L0023,Company 0023,logistics,event,1273,3,0,4,0,19,0
L0024,Company 0024,retail,inbound,254,0,0,2,0,8,0
L0025,Company 0025,healthcare,outbound,191,6,0,2,0,49,0
L0026,Company 0026,healthcare,outbound,1122,2,0,2,0,37,0
L0027,Company 0027,retail,outbound,43,3,3,7,0,14,0
L0028,Company 0028,education,partner,182,10,0,3,0,6,0
L0029,Company 0029,education,inbound,1674,3,0,5,0,30,0
L0030,Company 0030,logistics,partner,42,4,1,1,1,4,0
L0031,Company 0031,retail,outbound,2777,8,0,0,0,30,0
L0032,Company 0032,education,outbound,303,9,2,0,0,25,0
L0033,Company 0033,healthcare,outbound,1505,14,0,3,0,31,0
L0034,Company 0034,healthcare,event,1798,1,1,6,0,25,0
L0035,Company 0035,healthcare,inbound,17104,4,1,1,0,38,0
L0036,Company 0036,logistics,inbound,420,4,1,2,1,33,1
L0037,Company 0037,logistics,outbound,795,6,2,2,0,46,0
L0038,Company 0038,healthcare,partner,1091,7,1,2,0,35,0
L0039,Company 0039,manufacturing,event,172,2,2,9,0,38,0
L0040,Company 0040,education,event,1047,1,0,2,0,0,0
L0041,Company 0041,education,partner,857,27,0,0,0,53,0
L0042,Company 0042,healthcare,event,109,4,0,9,0,50,0
L0043,Company 0043,logistics,outbound,362,0,0,4,0,0,1
L0044,Company 0044,logistics,event,185,2,1,0,0,2,0
L0045,Company 0045,retail,outbound,2541,12,0,4,0,19,0
L0046,Company 0046,education,outbound,776,11,1,7,0,27,0
L0047,Company 0047,manufacturing,event,1289,13,0,6,0,2,0
L0048,Company 0048,manufacturing,inbound,120,0,0,2,0,2,0
L0049,Company 0049,logistics,inbound,80,6,2,13,1,14,1
L0050,Company 0050,education,outbound,5123,3,0,5,0,47,0
L0051,Company 0051,manufacturing,outbound,44,1,0,1,0,17,0
L0052,Company 0052,healthcare,inbound,3937,2,0,2,0,18,1
L0053,Company 0053,logistics,outbound,69,3,1,2,0,3,0
L0054,Company 0054,logistics,event,9562,9,1,7,0,10,0
L0055,Company 0055,education,event,5193,1,1,5,0,33,0
L0056,Company 0056,retail,event,4007,8,0,5,1,8,1
L0057,Company 0057,logistics,event,18739,13,0,1,0,7,1
L0058,Company 0058,healthcare,outbound,794,2,2,4,0,28,0
L0059,Company 0059,logistics,inbound,1403,8,0,2,1,4,1
L0060,Company 0060,logistics,event,113,14,0,2,0,16,0
L0061,Company 0061,healthcare,inbound,889,6,3,1,0,9,0
L0062,Company 0062,healthcare,inbound,388,4,0,2,0,15,0
L0063,Company 0063,retail,event,1957,8,0,5,0,20,0
L0064,Company 0064,healthcare,inbound,9854,8,0,17,0,1,0
L0065,Company 0065,healthcare,partner,113,8,0,0,0,48,0
L0066,Company 0066,manufacturing,inbound,28,3,0,7,0,3,0
L0067,Company 0067,manufacturing,partner,465,1,1,2,0,15,0
L0068,Company 0068,retail,outbound,103,0,0,6,0,8,0
L0069,Company 0069,education,outbound,1586,8,0,1,0,49,0
L0070,Company 0070,logistics,inbound,21,1,0,0,0,6,0
L0071,Company 0071,manufacturing,outbound,1564,2,0,0,0,27,0
L0072,Company 0072,logistics,inbound,439,10,2,5,0,27,1
L0073,Company 0073,manufacturing,event,57,10,1,1,0,34,0
L0074,Company 0074,retail,inbound,486,2,0,2,0,33,0
L0075,Company 0075,logistics,inbound,170,14,1,4,0,28,1
L0076,Company 0076,manufacturing,outbound,236,7,0,0,0,16,0
L0077,Company 0077,retail,partner,779,29,0,1,0,26,0
L0078,Company 0078,logistics,event,6117,0,0,3,0,26,0
L0079,Company 0079,healthcare,outbound,6458,4,0,5,0,6,1
L0080,Company 0080,education,inbound,857,5,4,4,0,1,0
L0081,Company 0081,education,inbound,201,1,0,1,1,21,1
L0082,Company 0082,healthcare,outbound,2739,4,2,1,0,8,0
L0083,Company 0083,retail,outbound,605,4,1,4,0,10,0
L0084,Company 0084,retail,inbound,5233,10,2,12,0,14,0
L0085,Company 0085,logistics,partner,11795,14,0,0,0,23,1
L0086,Company 0086,healthcare,partner,773,1,1,2,0,7,1
L0087,Company 0087,manufacturing,inbound,3634,0,0,6,0,4,1
L0088,Company 0088,education,outbound,1262,3,0,2,0,10,0
L0089,Company 0089,retail,partner,7264,3,0,12,0,29,1
L0090,Company 0090,manufacturing,partner,28,17,1,1,0,14,1
L0091,Company 0091,logistics,outbound,9497,12,2,2,0,10,0
L0092,Company 0092,healthcare,outbound,4138,0,0,6,0,27,0
L0093,Company 0093,education,inbound,56,8,0,6,0,34,0
L0094,Company 0094,retail,inbound,9332,7,0,5,0,14,1
L0095,Company 0095,manufacturing,partner,75,6,1,2,1,10,1
L0096,Company 0096,retail,event,171,0,0,2,0,8,0
L0097,Company 0097,logistics,partner,2131,8,1,0,0,39,0
L0098,Company 0098,healthcare,outbound,151,0,0,7,0,25,0
L0099,Company 0099,manufacturing,event,1528,16,1,12,0,16,1
L0100,Company 0100,manufacturing,outbound,269,0,0,1,0,20,0
L0101,Company 0101,healthcare,inbound,40,5,0,3,0,4,1
L0102,Company 0102,healthcare,inbound,40,0,0,2,0,8,0
L0103,Company 0103,education,outbound,1748,8,2,1,0,10,1
L0104,Company 0104,healthcare,event,17655,9,1,3,1,8,1
L0105,Company 0105,healthcare,inbound,938,1,0,1,1,24,1
L0106,Company 0106,education,event,882,2,0,0,0,86,0
L0107,Company 0107,manufacturing,inbound,1521,1,0,1,0,23,0
L0108,Company 0108,retail,event,489,0,0,0,0,15,0
L0109,Company 0109,education,event,64,8,2,1,1,54,1
L0110,Company 0110,retail,outbound,3767,2,0,3,0,12,0
L0111,Company 0111,manufacturing,event,3709,11,2,3,0,28,1
L0112,Company 0112,healthcare,partner,25,4,0,2,0,2,0
L0113,Company 0113,retail,inbound,1683,0,0,0,0,18,0
L0114,Company 0114,healthcare,partner,3598,3,3,7,0,10,1
L0115,Company 0115,education,inbound,10393,4,0,2,0,7,1
L0116,Company 0116,education,partner,3140,5,1,1,0,1,1
L0117,Company 0117,healthcare,outbound,644,3,0,4,0,5,0
L0118,Company 0118,healthcare,outbound,8715,43,1,8,0,15,0
L0119,Company 0119,manufacturing,outbound,1776,3,0,0,0,2,0
L0120,Company 0120,education,partner,20,1,0,1,1,45,0
L0121,Company 0121,healthcare,outbound,234,5,0,0,0,7,0
L0122,Company 0122,healthcare,outbound,81,11,1,0,0,39,0
L0123,Company 0123,logistics,outbound,1611,7,0,3,0,59,0
L0124,Company 0124,logistics,event,3008,2,2,8,0,2,0
L0125,Company 0125,healthcare,partner,34,1,0,4,0,3,0
L0126,Company 0126,retail,event,262,6,2,3,0,7,0
L0127,Company 0127,manufacturing,event,49,6,0,0,0,1,0
L0128,Company 0128,logistics,event,818,3,1,0,0,4,1
L0129,Company 0129,education,inbound,72,13,5,0,0,27,0
L0130,Company 0130,healthcare,inbound,69,4,1,1,0,30,0
L0131,Company 0131,education,outbound,1209,8,0,2,0,15,0
L0132,Company 0132,manufacturing,event,586,1,1,2,1,18,0
L0133,Company 0133,education,partner,8311,1,0,0,0,11,0
L0134,Company 0134,retail,inbound,33,14,1,3,0,5,1
L0135,Company 0135,retail,partner,26,2,1,2,0,17,1
L0136,Company 0136,education,outbound,273,1,0,4,0,12,0
L0137,Company 0137,healthcare,event,2494,7,3,0,0,18,1
L0138,Company 0138,healthcare,inbound,20,3,0,0,0,12,0
L0139,Company 0139,logistics,outbound,154,0,0,2,1,5,1
L0140,Company 0140,education,outbound,26,3,1,0,0,23,0
L0141,Company 0141,education,outbound,488,2,2,1,0,4,0
L0142,Company 0142,manufacturing,outbound,551,3,1,5,0,13,0
L0143,Company 0143,manufacturing,partner,82,2,0,4,0,6,1
L0144,Company 0144,manufacturing,event,687,5,1,0,1,1,0
L0145,Company 0145,retail,outbound,3963,7,2,0,0,9,1
L0146,Company 0146,healthcare,event,117,12,1,1,0,13,0
L0147,Company 0147,education,outbound,24,2,0,3,0,24,0
L0148,Company 0148,healthcare,partner,55,1,0,4,0,9,0
L0149,Company 0149,manufacturing,inbound,150,2,0,0,1,19,0
L0150,Company 0150,retail,inbound,11435,1,1,4,0,40,0
L0151,Company 0151,retail,inbound,5008,0,0,2,0,6,0
L0152,Company 0152,manufacturing,outbound,11953,1,1,1,0,14,0
L0153,Company 0153,healthcare,outbound,544,1,1,1,0,46,0
L0154,Company 0154,logistics,partner,130,2,2,1,0,43,1
L0155,Company 0155,logistics,event,186,2,0,6,0,20,0
L0156,Company 0156,retail,event,24,7,0,0,1,15,0
L0157,Company 0157,logistics,event,32,3,0,13,0,32,0
L0158,Company 0158,retail,event,611,3,0,3,0,5,0
L0159,Company 0159,education,inbound,12035,23,0,3,0,28,1
L0160,Company 0160,education,event,123,0,0,6,0,10,0
L0161,Company 0161,manufacturing,outbound,60,5,0,3,0,6,0
L0162,Company 0162,education,partner,102,1,0,0,0,2,1
L0163,Company 0163,logistics,inbound,9075,2,2,2,0,0,1
L0164,Company 0164,healthcare,partner,28,1,0,6,0,25,0
L0165,Company 0165,retail,outbound,200,8,2,7,0,10,0
L0166,Company 0166,education,event,5066,0,0,4,0,4,1
L0167,Company 0167,education,outbound,127,1,0,4,0,22,0
L0168,Company 0168,manufacturing,inbound,8193,1,0,3,0,10,0
L0169,Company 0169,education,partner,65,0,0,8,0,5,0
L0170,Company 0170,healthcare,outbound,17536,2,1,3,0,3,0
L0171,Company 0171,logistics,event,8762,3,0,8,0,16,1
L0172,Company 0172,healthcare,event,185,0,0,3,0,3,1
L0173,Company 0173,retail,inbound,20,2,0,6,0,10,1
L0174,Company 0174,retail,partner,940,1,1,7,0,4,1
L0175,Company 0175,manufacturing,partner,1034,16,0,7,0,15,0
L0176,Company 0176,retail,event,23,4,0,2,0,1,0
L0177,Company 0177,education,event,5387,9,1,2,0,35,0
L0178,Company 0178,logistics,partner,321,7,0,9,1,17,1
L0179,Company 0179,healthcare,event,660,1,1,3,0,7,1
L0180,Company 0180,retail,inbound,124,1,0,0,0,7,0
L0181,Company 0181,retail,inbound,58,2,0,0,0,1,1
L0182,Company 0182,education,outbound,23,1,0,3,0,7,0
L0183,Company 0183,manufacturing,partner,335,7,0,1,0,59,0
L0184,Company 0184,manufacturing,event,752,0,0,4,0,1,0
L0185,Company 0185,retail,partner,7414,5,0,3,1,36,0
L0186,Company 0186,healthcare,partner,1983,3,0,1,0,17,0
L0187,Company 0187,logistics,partner,438,5,1,10,0,12,0
L0188,Company 0188,education,event,73,3,0,0,0,27,0
L0189,Company 0189,logistics,outbound,72,15,1,0,1,2,1
L0190,Company 0190,retail,inbound,71,0,0,2,0,4,1
L0191,Company 0191,healthcare,outbound,586,19,0,0,0,28,0
L0192,Company 0192,logistics,partner,7348,8,0,9,0,3,1
L0193,Company 0193,logistics,event,25,2,2,7,1,4,1
L0194,Company 0194,education,partner,10148,0,0,0,0,41,0
L0195,Company 0195,manufacturing,partner,272,10,1,7,0,21,1
L0196,Company 0196,manufacturing,outbound,3982,1,1,0,0,5,0
L0197,Company 0197,education,event,167,0,0,0,0,40,0
L0198,Company 0198,manufacturing,outbound,32,1,0,3,0,2,0
L0199,Company 0199,logistics,event,695,3,0,0,0,41,0
L0200,Company 0200,logistics,partner,95,3,0,2,0,20,0
L0201,Company 0201,retail,event,1132,6,0,4,1,18,1
L0202,Company 0202,retail,outbound,1204,12,0,1,1,42,0
L0203,Company 0203,logistics,inbound,457,1,1,0,1,17,0
L0204,Company 0204,logistics,outbound,511,2,0,1,0,18,0
L0205,Company 0205,logistics,partner,399,1,0,0,1,165,0
L0206,Company 0206,manufacturing,outbound,620,10,0,0,0,0,0
L0207,Company 0207,education,event,1954,21,0,8,0,3,0
L0208,Company 0208,retail,inbound,42,3,0,14,0,1,0
L0209,Company 0209,education,inbound,31,1,1,2,0,8,0
L0210,Company 0210,education,partner,501,27,1,0,1,2,0
L0211,Company 0211,education,outbound,54,4,0,3,0,24,0
L0212,Company 0212,logistics,outbound,57,10,1,4,0,15,1
L0213,Company 0213,logistics,partner,159,20,1,7,1,10,1
L0214,Company 0214,retail,inbound,1872,3,2,0,0,16,1
L0215,Company 0215,education,inbound,305,2,1,1,0,11,0
L0216,Company 0216,retail,partner,200,0,0,3,0,9,0
L0217,Company 0217,manufacturing,inbound,2756,0,0,12,0,14,0
L0218,Company 0218,retail,partner,1204,0,0,1,0,66,0
L0219,Company 0219,retail,outbound,1344,5,0,2,0,28,0
L0220,Company 0220,logistics,outbound,114,1,1,2,0,10,0
L0221,Company 0221,logistics,inbound,309,1,0,0,0,3,1
L0222,Company 0222,retail,inbound,19961,4,0,0,0,8,0
L0223,Company 0223,education,outbound,1097,0,0,2,0,82,0
L0224,Company 0224,logistics,outbound,4417,3,1,1,0,11,1
L0225,Company 0225,retail,inbound,6416,18,0,7,0,24,0
L0226,Company 0226,education,inbound,11690,1,0,3,0,2,0
L0227,Company 0227,healthcare,partner,24,3,0,4,0,13,0
L0228,Company 0228,healthcare,partner,41,8,0,3,0,8,0
L0229,Company 0229,retail,partner,1189,4,0,3,0,8,0
L0230,Company 0230,healthcare,partner,192,7,0,1,0,17,0
L0231,Company 0231,logistics,event,271,7,0,3,0,74,0
L0232,Company 0232,healthcare,partner,577,1,1,0,0,37,1
L0233,Company 0233,retail,outbound,902,2,0,12,0,32,0
L0234,Company 0234,manufacturing,outbound,18163,11,1,1,0,4,1
L0235,Company 0235,retail,event,247,18,1,1,0,25,0
L0236,Company 0236,manufacturing,event,23,4,0,1,0,2,0
L0237,Company 0237,retail,inbound,143,1,0,8,0,39,0
L0238,Company 0238,education,inbound,855,7,0,4,0,29,0
L0239,Company 0239,logistics,partner,12911,2,1,1,0,9,0
L0240,Company 0240,education,event,997,2,0,11,1,56,0
L0241,Company 0241,logistics,event,10144,0,0,0,0,7,0
L0242,Company 0242,logistics,inbound,52,3,0,9,0,73,0
L0243,Company 0243,education,inbound,408,6,0,4,0,51,0
L0244,Company 0244,logistics,partner,52,1,1,0,0,45,1
L0245,Company 0245,retail,event,203,7,3,14,0,51,0
L0246,Company 0246,logistics,partner,4868,34,1,9,0,3,1
L0247,Company 0247,manufacturing,inbound,42,2,0,17,0,3,1
L0248,Company 0248,education,inbound,20,0,0,14,0,10,0
L0249,Company 0249,retail,partner,22,8,0,3,0,8,0
L0250,Company 0250,healthcare,outbound,12418,3,0,0,0,4,0
L0251,Company 0251,manufacturing,outbound,2164,5,1,3,0,0,0
L0252,Company 0252,logistics,event,676,8,0,0,0,1,0
L0253,Company 0253,education,outbound,422,0,0,0,0,1,0
L0254,Company 0254,healthcare,outbound,361,6,0,19,0,47,0
L0255,Company 0255,logistics,partner,16754,14,0,0,0,11,1
L0256,Company 0256,logistics,outbound,60,4,0,1,0,2,0
L0257,Company 0257,retail,inbound,75,0,0,8,0,59,0
L0258,Company 0258,retail,inbound,11811,0,0,16,0,22,1
L0259,Company 0259,retail,outbound,1117,1,0,6,0,32,0
L0260,Company 0260,logistics,inbound,1827,0,0,14,0,22,1
L0261,Company 0261,retail,inbound,152,9,4,2,0,37,0
L0262,Company 0262,manufacturing,outbound,13590,22,0,5,0,1,1
L0263,Company 0263,manufacturing,partner,3237,1,0,0,0,13,0
L0264,Company 0264,healthcare,inbound,70,0,0,0,0,19,0
L0265,Company 0265,healthcare,event,1488,2,0,8,0,10,0
L0266,Company 0266,healthcare,event,198,14,0,10,0,42,0
L0267,Company 0267,education,event,3950,16,0,3,0,24,0
L0268,Company 0268,logistics,inbound,219,4,0,10,0,9,1
L0269,Company 0269,healthcare,partner,128,5,1,2,1,13,1
L0270,Company 0270,manufacturing,inbound,138,3,0,6,0,35,0
L0271,Company 0271,retail,outbound,10221,4,0,3,0,13,0
L0272,Company 0272,retail,event,6675,4,0,0,0,35,0
L0273,Company 0273,manufacturing,outbound,4935,7,1,6,0,33,0
L0274,Company 0274,manufacturing,inbound,11472,0,0,1,0,18,0
L0275,Company 0275,logistics,outbound,42,24,2,1,0,23,0
L0276,Company 0276,education,outbound,3534,6,0,2,0,27,1
L0277,Company 0277,retail,partner,1653,4,0,1,1,3,0
L0278,Company 0278,manufacturing,outbound,1827,8,1,2,0,6,1
L0279,Company 0279,retail,inbound,196,15,2,1,0,19,0
L0280,Company 0280,logistics,event,42,1,1,0,1,24,1
L0281,Company 0281,education,outbound,146,16,0,2,0,8,0
L0282,Company 0282,retail,partner,88,15,1,9,1,11,1
L0283,Company 0283,healthcare,event,1147,3,0,0,0,86,0
L0284,Company 0284,manufacturing,event,4597,5,3,1,0,0,1
L0285,Company 0285,logistics,partner,16930,18,0,1,0,15,1
L0286,Company 0286,healthcare,partner,8059,32,0,6,0,33,1
L0287,Company 0287,education,partner,27,7,0,0,0,0,1
L0288,Company 0288,healthcare,partner,1439,1,0,5,0,41,0
L0289,Company 0289,logistics,event,163,1,1,2,0,10,0
L0290,Company 0290,retail,inbound,4730,7,0,1,0,12,0
L0291,Company 0291,education,inbound,342,2,1,2,0,42,0
L0292,Company 0292,healthcare,partner,9106,0,0,1,0,18,0
L0293,Company 0293,healthcare,partner,86,2,1,0,0,25,0
L0294,Company 0294,healthcare,inbound,6617,2,0,0,0,39,0
L0295,Company 0295,manufacturing,partner,30,5,2,7,0,17,0
L0296,Company 0296,retail,event,1090,1,1,3,0,86,0
L0297,Company 0297,education,event,5373,4,0,5,0,61,0
L0298,Company 0298,healthcare,partner,147,9,0,0,0,12,0
L0299,Company 0299,healthcare,inbound,14502,2,1,0,0,23,0
L0300,Company 0300,manufacturing,partner,2612,0,0,2,0,10,0
L0301,Company 0301,retail,outbound,83,0,0,4,1,4,1
L0302,Company 0302,logistics,inbound,1984,2,0,3,0,7,0
L0303,Company 0303,manufacturing,partner,2540,0,0,6,0,14,0
L0304,Company 0304,education,outbound,1279,2,1,10,0,43,0
L0305,Company 0305,manufacturing,outbound,525,5,0,5,0,38,0
L0306,Company 0306,logistics,outbound,602,6,2,5,0,22,0
L0307,Company 0307,logistics,inbound,187,5,1,2,0,9,0
L0308,Company 0308,healthcare,inbound,10659,5,0,0,0,22,1
L0309,Company 0309,retail,outbound,966,2,0,1,0,6,1
L0310,Company 0310,retail,partner,1194,1,0,7,0,14,0
L0311,Company 0311,education,partner,2388,4,0,1,0,12,0
L0312,Company 0312,education,outbound,143,2,0,4,1,12,0
L0313,Company 0313,retail,partner,2377,8,0,2,0,42,0
L0314,Company 0314,manufacturing,inbound,42,4,0,2,0,0,0
L0315,Company 0315,retail,inbound,788,0,0,6,0,27,0
L0316,Company 0316,healthcare,inbound,1117,1,0,9,0,4,0
L0317,Company 0317,education,event,18626,15,1,0,0,51,0
L0318,Company 0318,manufacturing,event,200,18,0,0,0,6,0
L0319,Company 0319,manufacturing,outbound,29,0,0,0,0,0,0
L0320,Company 0320,healthcare,event,5200,13,1,1,1,0,1
L0321,Company 0321,education,event,281,10,0,5,0,13,0
L0322,Company 0322,manufacturing,event,129,1,0,1,0,9,0
L0323,Company 0323,logistics,partner,12775,2,0,2,0,2,1
L0324,Company 0324,logistics,inbound,240,5,0,1,0,20,0
L0325,Company 0325,manufacturing,inbound,631,8,0,1,0,25,1
L0326,Company 0326,logistics,outbound,74,3,2,3,0,28,0
L0327,Company 0327,logistics,event,5982,0,0,0,1,41,0
L0328,Company 0328,logistics,inbound,52,2,2,6,0,5,1
L0329,Company 0329,healthcare,inbound,409,0,0,0,0,31,0
L0330,Company 0330,healthcare,inbound,291,3,0,3,0,8,1
L0331,Company 0331,education,partner,147,2,1,0,0,42,0
L0332,Company 0332,logistics,inbound,123,2,0,23,1,26,1
L0333,Company 0333,healthcare,event,3959,0,0,5,0,8,0
L0334,Company 0334,education,event,19860,10,1,12,1,10,1
L0335,Company 0335,manufacturing,inbound,401,5,0,12,0,6,0
L0336,Company 0336,logistics,event,72,4,1,3,0,9,0
L0337,Company 0337,logistics,inbound,20,0,0,1,0,20,1
L0338,Company 0338,manufacturing,partner,68,3,0,4,0,16,0
L0339,Company 0339,healthcare,outbound,11107,6,3,0,0,23,0
L0340,Company 0340,manufacturing,outbound,1042,6,4,0,1,0,1
L0341,Company 0341,retail,event,879,11,0,0,0,0,0
L0342,Company 0342,logistics,outbound,7232,1,0,0,0,39,0
L0343,Company 0343,retail,event,8974,4,1,7,0,73,0
L0344,Company 0344,retail,partner,508,0,0,1,0,14,0
L0345,Company 0345,logistics,outbound,239,2,0,12,0,1,0
L0346,Company 0346,healthcare,event,305,15,0,2,0,8,0
L0347,Company 0347,logistics,partner,796,19,3,2,0,2,1
L0348,Company 0348,manufacturing,partner,1778,2,0,9,0,0,1
L0349,Company 0349,manufacturing,outbound,61,0,0,5,0,3,0
L0350,Company 0350,manufacturing,inbound,139,0,0,2,1,16,0
L0351,Company 0351,retail,partner,320,15,1,7,0,3,1
L0352,Company 0352,retail,partner,84,6,0,10,0,19,0
L0353,Company 0353,healthcare,inbound,5631,1,1,2,0,6,1
L0354,Company 0354,education,event,8416,5,0,1,0,40,0
L0355,Company 0355,manufacturing,partner,30,4,0,1,0,37,0
L0356,Company 0356,manufacturing,event,34,1,1,1,1,14,0
L0357,Company 0357,education,partner,332,6,0,2,0,20,0
L0358,Company 0358,retail,event,5014,6,2,1,0,5,1
L0359,Company 0359,logistics,outbound,11611,2,0,0,0,20,0
L0360,Company 0360,logistics,event,4300,4,0,0,0,57,0
L0361,Company 0361,healthcare,event,164,3,0,3,0,13,1
L0362,Company 0362,healthcare,inbound,35,8,0,1,0,13,0
L0363,Company 0363,education,partner,413,1,0,3,0,23,0
L0364,Company 0364,retail,inbound,67,6,0,0,0,7,0
L0365,Company 0365,retail,event,14810,8,1,2,0,22,1
L0366,Company 0366,education,partner,5230,8,2,3,0,28,0
L0367,Company 0367,manufacturing,inbound,7687,19,1,0,1,3,1
L0368,Company 0368,education,event,40,2,0,2,0,47,0
L0369,Company 0369,retail,event,1758,6,1,0,0,21,0
L0370,Company 0370,logistics,event,30,3,0,3,0,15,0
L0371,Company 0371,manufacturing,partner,1516,3,1,2,0,41,0
L0372,Company 0372,education,outbound,1732,2,0,9,1,0,0
L0373,Company 0373,retail,inbound,105,6,1,5,0,12,0
L0374,Company 0374,retail,partner,657,18,2,14,0,3,1
L0375,Company 0375,education,event,12212,4,2,4,0,8,1
L0376,Company 0376,manufacturing,event,43,9,0,4,0,8,0
L0377,Company 0377,retail,inbound,429,8,0,6,0,4,0
L0378,Company 0378,healthcare,inbound,3247,2,0,1,0,31,0
L0379,Company 0379,logistics,event,1270,19,3,0,0,4,0
L0380,Company 0380,logistics,partner,161,3,2,4,0,45,0
L0381,Company 0381,education,inbound,28,2,0,2,0,18,0
L0382,Company 0382,logistics,partner,109,7,0,1,1,1,1
L0383,Company 0383,education,event,316,4,0,0,0,8,0
L0384,Company 0384,healthcare,inbound,129,0,0,1,1,0,0
L0385,Company 0385,logistics,inbound,240,3,0,0,1,30,0
L0386,Company 0386,healthcare,inbound,214,8,0,6,0,44,0
L0387,Company 0387,retail,partner,14984,13,2,2,0,50,0
L0388,Company 0388,education,inbound,1255,0,0,3,0,6,0
L0389,Company 0389,healthcare,inbound,3215,2,2,0,0,26,0
L0390,Company 0390,retail,inbound,338,3,3,3,0,1,1
L0391,Company 0391,manufacturing,event,65,5,0,2,0,2,0
L0392,Company 0392,education,inbound,70,2,0,2,0,7,1
L0393,Company 0393,education,outbound,2654,1,1,2,0,21,0
L0394,Company 0394,logistics,outbound,37,1,1,7,1,5,1
L0395,Company 0395,logistics,event,881,3,0,9,0,2,0
L0396,Company 0396,education,event,14730,5,1,5,1,5,0
L0397,Company 0397,manufacturing,outbound,3414,0,0,4,0,21,0
L0398,Company 0398,logistics,inbound,27,0,0,2,0,93,0
L0399,Company 0399,manufacturing,event,2410,2,1,0,0,25,0
L0400,Company 0400,healthcare,outbound,56,3,2,5,1,86,0
