deal_id,stage,days_in_stage,won,days_to_close
H0000,Discovery,3,0,3
H0001,Discovery,40,0,88
H0001,Qualified,1,0,48
H0001,Proposal,47,0,47
H0002,Discovery,38,0,38
H0003,Discovery,8,0,8
H0004,Discovery,55,1,164
H0004,Qualified,56,1,109
H0004,Proposal,22,1,53
H0004,Negotiation,1,1,31
H0004,Commit,30,1,30
H0005,Discovery,9,0,47
H0005,Qualified,22,0,38
H0005,Proposal,16,0,16
H0006,Discovery,5,0,5
H0007,Discovery,45,0,46
H0007,Qualified,1,0,1
H0008,Discovery,12,0,12
H0009,Discovery,17,0,17
H0010,Discovery,9,0,9
H0011,Discovery,9,0,9
H0012,Discovery,52,0,52
H0013,Discovery,5,0,42
H0013,Qualified,1,0,37
H0013,Proposal,36,0,36
H0014,Discovery,34,0,34
H0015,Discovery,41,0,41
H0016,Discovery,28,0,36
H0016,Qualified,8,0,8
H0017,Discovery,3,0,48
H0017,Qualified,45,0,45
H0018,Discovery,1,0,17
H0018,Qualified,16,0,16
H0019,Discovery,11,0,11
H0020,Discovery,1,0,1
H0021,Discovery,30,0,30
H0022,Discovery,8,0,82
H0022,Qualified,2,0,74
H0022,Proposal,46,0,72
H0022,Negotiation,26,0,26
H0023,Discovery,63,0,174
H0023,Qualified,8,0,111
H0023,Proposal,103,0,103
H0024,Discovery,2,0,8
H0024,Qualified,6,0,6
H0025,Discovery,42,0,42
H0026,Discovery,33,0,33
H0027,Discovery,28,0,28
H0028,Discovery,7,0,21
H0028,Qualified,14,0,14
H0029,Discovery,4,0,4
H0030,Discovery,27,0,27
H0031,Discovery,19,0,74
H0031,Qualified,8,0,55
H0031,Proposal,47,0,47
H0032,Discovery,9,0,9
H0033,Discovery,44,0,130
H0033,Qualified,37,0,86
H0033,Proposal,49,0,49
H0034,Discovery,15,0,15
H0035,Discovery,56,0,56
H0036,Discovery,10,0,18
H0036,Qualified,8,0,8
H0037,Discovery,8,0,96
H0037,Qualified,24,0,88
H0037,Proposal,64,0,64
H0038,Discovery,67,0,67
H0039,Discovery,12,0,121
H0039,Qualified,109,0,109
H0040,Discovery,8,0,8
H0041,Discovery,4,1,50
H0041,Qualified,5,1,46
H0041,Proposal,12,1,41
H0041,Negotiation,7,1,29
H0041,Commit,22,1,22
H0042,Discovery,10,1,94
H0042,Qualified,1,1,84
H0042,Proposal,57,1,83
H0042,Negotiation,19,1,26
H0042,Commit,7,1,7
H0043,Discovery,2,0,2
H0044,Discovery,42,0,42
H0045,Discovery,20,0,20
H0046,Discovery,14,0,50
H0046,Qualified,22,0,36
H0046,Proposal,14,0,14
H0047,Discovery,30,0,30
H0048,Discovery,12,0,12
H0049,Discovery,3,0,85
H0049,Qualified,2,0,82
H0049,Proposal,80,0,80
H0050,Discovery,53,1,159
H0050,Qualified,62,1,106
H0050,Proposal,11,1,44
H0050,Negotiation,26,1,33
H0050,Commit,7,1,7
H0051,Discovery,42,0,171
H0051,Qualified,11,0,129
H0051,Proposal,21,0,118
H0051,Negotiation,97,0,97
H0052,Discovery,27,0,27
H0053,Discovery,2,0,136
H0053,Qualified,31,0,134
H0053,Proposal,103,0,103
H0054,Discovery,37,0,37
H0055,Discovery,74,0,74
H0056,Discovery,50,0,50
H0057,Discovery,6,0,6
H0058,Discovery,5,1,71
H0058,Qualified,5,1,66
H0058,Proposal,39,1,61
H0058,Negotiation,20,1,22
H0058,Commit,2,1,2
H0059,Discovery,26,0,26
H0060,Discovery,3,0,6
H0060,Qualified,3,0,3
H0061,Discovery,10,0,10
H0062,Discovery,10,0,10
H0063,Discovery,6,0,6
H0064,Discovery,15,0,151
H0064,Qualified,2,0,136
H0064,Proposal,68,0,134
H0064,Negotiation,66,0,66
H0065,Discovery,4,0,77
H0065,Qualified,4,0,73
H0065,Proposal,69,0,69
H0066,Discovery,4,0,4
H0067,Discovery,7,1,99
H0067,Qualified,12,1,92
H0067,Proposal,47,1,80
H0067,Negotiation,30,1,33
H0067,Commit,3,1,3
H0068,Discovery,20,0,20
H0069,Discovery,30,1,176
H0069,Qualified,76,1,146
H0069,Proposal,22,1,70
H0069,Negotiation,32,1,48
H0069,Commit,16,1,16
H0070,Discovery,10,0,10
H0071,Discovery,25,0,25
H0072,Discovery,17,0,17
H0073,Discovery,25,0,25
H0074,Discovery,59,0,59
H0075,Discovery,16,0,92
H0075,Qualified,76,0,76
H0076,Discovery,16,1,109
H0076,Qualified,6,1,93
H0076,Proposal,28,1,87
H0076,Negotiation,53,1,59
H0076,Commit,6,1,6
H0077,Discovery,14,0,14
H0078,Discovery,29,0,29
H0079,Discovery,12,0,63
H0079,Qualified,51,0,51
H0080,Discovery,5,0,22
H0080,Qualified,12,0,17
H0080,Proposal,5,0,5
H0081,Discovery,1,0,69
H0081,Qualified,63,0,68
H0081,Proposal,5,0,5
H0082,Discovery,37,0,37
H0083,Discovery,2,0,2
H0084,Discovery,31,0,31
H0085,Discovery,64,0,116
H0085,Qualified,52,0,52
H0086,Discovery,34,0,34
H0087,Discovery,59,0,82
H0087,Qualified,23,0,23
H0088,Discovery,7,0,84
H0088,Qualified,17,0,77
H0088,Proposal,7,0,60
H0088,Negotiation,53,0,53
H0089,Discovery,37,0,94
H0089,Qualified,57,0,57
H0090,Discovery,14,0,14
H0091,Discovery,12,0,12
H0092,Discovery,49,0,49
H0093,Discovery,5,0,16
H0093,Qualified,3,0,11
H0093,Proposal,8,0,8
H0094,Discovery,5,0,5
H0095,Discovery,12,0,48
H0095,Qualified,36,0,36
H0096,Discovery,4,0,4
H0097,Discovery,9,0,103
H0097,Qualified,38,0,94
H0097,Proposal,56,0,56
H0098,Discovery,8,0,100
H0098,Qualified,9,0,92
H0098,Proposal,69,0,83
H0098,Negotiation,14,0,14
H0099,Discovery,31,0,31
H0100,Discovery,44,0,44
H0101,Discovery,1,0,68
H0101,Qualified,41,0,67
H0101,Proposal,1,0,26
H0101,Negotiation,25,0,25
H0102,Discovery,4,0,63
H0102,Qualified,59,0,59
H0103,Discovery,15,0,15
H0104,Discovery,12,0,17
H0104,Qualified,5,0,5
H0105,Discovery,6,0,25
H0105,Qualified,19,0,19
H0106,Discovery,34,0,34
H0107,Discovery,4,0,4
H0108,Discovery,36,0,36
H0109,Discovery,31,0,90
H0109,Qualified,59,0,59
H0110,Discovery,1,0,102
H0110,Qualified,10,0,101
H0110,Proposal,55,0,91
H0110,Negotiation,36,0,36
H0111,Discovery,59,0,59
H0112,Discovery,77,0,77
H0113,Discovery,41,0,41
H0114,Discovery,10,0,65
H0114,Qualified,55,0,55
H0115,Discovery,33,0,33
H0116,Discovery,24,0,24
H0117,Discovery,31,0,31
H0118,Discovery,38,0,152
H0118,Qualified,97,0,114
H0118,Proposal,10,0,17
H0118,Negotiation,3,0,7
H0118,Commit,4,0,4
H0119,Discovery,73,0,73
H0120,Discovery,25,0,74
H0120,Qualified,49,0,49
H0121,Discovery,47,0,78
H0121,Qualified,31,0,31
H0122,Discovery,23,0,23
H0123,Discovery,20,0,20
H0124,Discovery,5,0,5
H0125,Discovery,5,0,5
H0126,Discovery,5,0,50
H0126,Qualified,45,0,45
H0127,Discovery,1,0,58
H0127,Qualified,57,0,57
H0128,Discovery,5,0,82
H0128,Qualified,48,0,77
H0128,Proposal,29,0,29
H0129,Discovery,14,0,23
H0129,Qualified,9,0,9
H0130,Discovery,40,0,83
H0130,Qualified,43,0,43
H0131,Discovery,31,0,31
H0132,Discovery,2,0,88
H0132,Qualified,23,0,86
H0132,Proposal,63,0,63
H0133,Discovery,27,0,27
H0134,Discovery,53,0,53
H0135,Discovery,19,0,56
H0135,Qualified,37,0,37
H0136,Discovery,6,0,42
H0136,Qualified,13,0,36
H0136,Proposal,23,0,23
H0137,Discovery,48,0,48
H0138,Discovery,1,0,59
H0138,Qualified,58,0,58
H0139,Discovery,7,0,7
H0140,Discovery,5,0,5
H0141,Discovery,2,0,2
H0142,Discovery,4,0,42
H0142,Qualified,38,0,38
H0143,Discovery,4,0,30
H0143,Qualified,21,0,26
H0143,Proposal,5,0,5
H0144,Discovery,1,0,16
H0144,Qualified,15,0,15
H0145,Discovery,39,0,39
H0146,Discovery,6,0,6
H0147,Discovery,12,0,48
H0147,Qualified,36,0,36
H0148,Discovery,4,0,4
H0149,Discovery,41,0,41
H0150,Discovery,8,0,8
H0151,Discovery,3,0,22
H0151,Qualified,19,0,19
H0152,Discovery,43,0,43
H0153,Discovery,37,0,37
H0154,Discovery,48,0,48
H0155,Discovery,43,0,43
H0156,Discovery,1,0,1
H0157,Discovery,33,0,33
H0158,Discovery,3,0,3
H0159,Discovery,47,0,47
H0160,Discovery,33,0,33
H0161,Discovery,2,1,84
H0161,Qualified,41,1,82
H0161,Proposal,30,1,41
H0161,Negotiation,2,1,11
H0161,Commit,9,1,9
H0162,Discovery,13,1,135
H0162,Qualified,11,1,122
H0162,Proposal,68,1,111
H0162,Negotiation,22,1,43
H0162,Commit,21,1,21
H0163,Discovery,2,0,3
H0163,Qualified,1,0,1
H0164,Discovery,56,0,56
H0165,Discovery,39,0,39
H0166,Discovery,70,0,70
H0167,Discovery,4,0,4
H0168,Discovery,44,0,44
H0169,Discovery,63,0,96
H0169,Qualified,26,0,33
H0169,Proposal,7,0,7
H0170,Discovery,51,0,105
H0170,Qualified,13,0,54
H0170,Proposal,41,0,41
H0171,Discovery,32,0,45
H0171,Qualified,3,0,13
H0171,Proposal,10,0,10
H0172,Discovery,13,0,13
H0173,Discovery,104,0,104
H0174,Discovery,5,0,5
H0175,Discovery,7,0,7
H0176,Discovery,3,0,3
H0177,Discovery,51,0,51
H0178,Discovery,13,0,13
H0179,Discovery,1,0,57
H0179,Qualified,56,0,56
H0180,Discovery,2,1,58
H0180,Qualified,1,1,56
H0180,Proposal,3,1,55
H0180,Negotiation,46,1,52
H0180,Commit,6,1,6
H0181,Discovery,4,0,73
H0181,Qualified,69,0,69
H0182,Discovery,5,0,33
H0182,Qualified,15,0,28
H0182,Proposal,13,0,13
H0183,Discovery,4,0,4
H0184,Discovery,41,0,96
H0184,Qualified,55,0,55
H0185,Discovery,3,0,16
H0185,Qualified,13,0,13
H0186,Discovery,3,0,4
H0186,Qualified,1,0,1
H0187,Discovery,18,1,93
H0187,Qualified,25,1,75
H0187,Proposal,13,1,50
H0187,Negotiation,26,1,37
H0187,Commit,11,1,11
H0188,Discovery,5,0,5
H0189,Discovery,22,0,41
H0189,Qualified,19,0,19
H0190,Discovery,52,0,52
H0191,Discovery,60,0,60
H0192,Discovery,30,0,117
H0192,Qualified,87,0,87
H0193,Discovery,55,0,77
H0193,Qualified,22,0,22
H0194,Discovery,19,0,19
H0195,Discovery,4,0,4
H0196,Discovery,58,0,197
H0196,Qualified,84,0,139
H0196,Proposal,55,0,55
H0197,Discovery,19,0,28
H0197,Qualified,9,0,9
H0198,Discovery,32,0,77
H0198,Qualified,45,0,45
H0199,Discovery,27,0,58
H0199,Qualified,31,0,31
H0200,Discovery,14,0,85
H0200,Qualified,50,0,71
H0200,Proposal,12,0,21
H0200,Negotiation,5,0,9
H0200,Commit,4,0,4
H0201,Discovery,27,0,27
H0202,Discovery,38,0,38
H0203,Discovery,18,0,84
H0203,Qualified,66,0,66
H0204,Discovery,26,0,26
H0205,Discovery,1,0,39
H0205,Qualified,29,0,38
H0205,Proposal,9,0,9
H0206,Discovery,41,0,106
H0206,Qualified,63,0,65
H0206,Proposal,2,0,2
H0207,Discovery,22,0,22
H0208,Discovery,8,0,10
H0208,Qualified,2,0,2
H0209,Discovery,30,0,30
H0210,Discovery,7,0,7
H0211,Discovery,41,0,41
H0212,Discovery,15,0,19
H0212,Qualified,4,0,4
H0213,Discovery,19,0,160
H0213,Qualified,27,0,141
H0213,Proposal,73,0,114
H0213,Negotiation,41,0,41
H0214,Discovery,29,0,29
H0215,Discovery,3,1,145
H0215,Qualified,114,1,142
H0215,Proposal,3,1,28
H0215,Negotiation,23,1,25
H0215,Commit,2,1,2
H0216,Discovery,33,0,62
H0216,Qualified,29,0,29
H0217,Discovery,15,0,70
H0217,Qualified,55,0,55
H0218,Discovery,8,0,8
H0219,Discovery,8,0,47
H0219,Qualified,39,0,39
H0220,Discovery,27,0,27
H0221,Discovery,9,1,51
H0221,Qualified,2,1,42
H0221,Proposal,27,1,40
H0221,Negotiation,8,1,13
H0221,Commit,5,1,5
H0222,Discovery,3,0,3
H0223,Discovery,7,0,102
H0223,Qualified,1,0,95
H0223,Proposal,94,0,94
H0224,Discovery,45,0,45
H0225,Discovery,15,0,15
H0226,Discovery,8,0,8
H0227,Discovery,46,0,46
H0228,Discovery,87,1,140
H0228,Qualified,10,1,53
H0228,Proposal,12,1,43
H0228,Negotiation,5,1,31
H0228,Commit,26,1,26
H0229,Discovery,52,0,128
H0229,Qualified,76,0,76
H0230,Discovery,12,0,20
H0230,Qualified,8,0,8
H0231,Discovery,24,0,49
H0231,Qualified,15,0,25
H0231,Proposal,10,0,10
H0232,Discovery,7,1,38
H0232,Qualified,4,1,31
H0232,Proposal,7,1,27
H0232,Negotiation,10,1,20
H0232,Commit,10,1,10
H0233,Discovery,27,0,70
H0233,Qualified,43,0,43
H0234,Discovery,60,0,203
H0234,Qualified,100,0,143
H0234,Proposal,43,0,43
H0235,Discovery,3,0,3
H0236,Discovery,3,0,3
H0237,Discovery,22,0,22
H0238,Discovery,22,0,22
H0239,Discovery,49,0,49
H0240,Discovery,31,0,31
H0241,Discovery,4,0,68
H0241,Qualified,2,0,64
H0241,Proposal,62,0,62
H0242,Discovery,1,0,1
H0243,Discovery,12,0,12
H0244,Discovery,7,0,9
H0244,Qualified,2,0,2
H0245,Discovery,1,0,1
H0246,Discovery,38,0,52
H0246,Qualified,13,0,14
H0246,Proposal,1,0,1
H0247,Discovery,6,0,6
H0248,Discovery,10,0,32
H0248,Qualified,5,0,22
H0248,Proposal,17,0,17
H0249,Discovery,25,0,54
H0249,Qualified,6,0,29
H0249,Proposal,23,0,23
H0250,Discovery,6,0,25
H0250,Qualified,19,0,19
H0251,Discovery,58,0,58
H0252,Discovery,27,0,44
H0252,Qualified,17,0,17
H0253,Discovery,34,0,34
H0254,Discovery,14,0,14
H0255,Discovery,16,0,28
H0255,Qualified,12,0,12
H0256,Discovery,25,0,25
H0257,Discovery,15,1,60
H0257,Qualified,28,1,45
H0257,Proposal,8,1,17
H0257,Negotiation,8,1,9
H0257,Commit,1,1,1
H0258,Discovery,40,0,40
H0259,Discovery,9,0,26
H0259,Qualified,17,0,17
H0260,Discovery,10,0,118
H0260,Qualified,52,0,108
H0260,Proposal,54,0,56
H0260,Negotiation,2,0,2
H0261,Discovery,37,0,68
H0261,Qualified,4,0,31
H0261,Proposal,27,0,27
H0262,Discovery,2,0,2
H0263,Discovery,9,0,9
H0264,Discovery,47,0,47
H0265,Discovery,35,0,35
H0266,Discovery,42,1,85
H0266,Qualified,12,1,43
H0266,Proposal,18,1,31
H0266,Negotiation,3,1,13
H0266,Commit,10,1,10
H0267,Discovery,7,0,7
H0268,Discovery,22,0,22
H0269,Discovery,1,0,1
H0270,Discovery,25,0,94
H0270,Qualified,69,0,69
H0271,Discovery,6,0,15
H0271,Qualified,9,0,9
H0272,Discovery,32,0,32
H0273,Discovery,1,0,17
H0273,Qualified,16,0,16
H0274,Discovery,1,0,1
H0275,Discovery,29,0,29
H0276,Discovery,27,0,27
H0277,Discovery,35,0,199
H0277,Qualified,64,0,164
H0277,Proposal,57,0,100
H0277,Negotiation,16,0,43
H0277,Commit,27,0,27
H0278,Discovery,2,0,2
H0279,Discovery,4,0,4
H0280,Discovery,31,0,106
H0280,Qualified,17,0,75
H0280,Proposal,58,0,58
H0281,Discovery,8,0,63
H0281,Qualified,55,0,55
H0282,Discovery,52,0,124
H0282,Qualified,8,0,72
H0282,Proposal,64,0,64
H0283,Discovery,12,0,22
H0283,Qualified,10,0,10
H0284,Discovery,24,0,24
H0285,Discovery,1,0,31
H0285,Qualified,30,0,30
H0286,Discovery,9,0,9
H0287,Discovery,1,0,1
H0288,Discovery,2,0,2
H0289,Discovery,12,0,12
H0290,Discovery,16,0,20
H0290,Qualified,4,0,4
H0291,Discovery,4,0,12
H0291,Qualified,8,0,8
H0292,Discovery,26,0,49
H0292,Qualified,23,0,23
H0293,Discovery,1,0,52
H0293,Qualified,51,0,51
H0294,Discovery,13,0,13
H0295,Discovery,32,0,92
H0295,Qualified,4,0,60
H0295,Proposal,56,0,56
H0296,Discovery,41,0,78
H0296,Qualified,37,0,37
H0297,Discovery,32,0,32
H0298,Discovery,14,1,104
H0298,Qualified,32,1,90
H0298,Proposal,4,1,58
H0298,Negotiation,51,1,54
H0298,Commit,3,1,3
H0299,Discovery,44,0,44
H0300,Discovery,38,0,38
H0301,Discovery,77,0,77
H0302,Discovery,4,0,109
H0302,Qualified,6,0,105
H0302,Proposal,99,0,99
H0303,Discovery,2,0,4
H0303,Qualified,2,0,2
H0304,Discovery,54,1,185
H0304,Qualified,8,1,131
H0304,Proposal,86,1,123
H0304,Negotiation,35,1,37
H0304,Commit,2,1,2
H0305,Discovery,18,0,64
H0305,Qualified,46,0,46
H0306,Discovery,4,0,4
H0307,Discovery,24,0,24
H0308,Discovery,38,0,38
H0309,Discovery,1,0,1
H0310,Discovery,26,0,26
H0311,Discovery,1,0,1
H0312,Discovery,29,0,162
H0312,Qualified,69,0,133
H0312,Proposal,19,0,64
H0312,Negotiation,9,0,45
H0312,Commit,36,0,36
H0313,Discovery,18,0,20
H0313,Qualified,2,0,2
H0314,Discovery,10,1,100
H0314,Qualified,14,1,90
H0314,Proposal,6,1,76
H0314,Negotiation,43,1,70
H0314,Commit,27,1,27
H0315,Discovery,13,0,15
H0315,Qualified,2,0,2
H0316,Discovery,1,0,61
H0316,Qualified,13,0,60
H0316,Proposal,47,0,47
H0317,Discovery,3,0,3
H0318,Discovery,3,0,3
H0319,Discovery,7,0,89
H0319,Qualified,14,0,82
H0319,Proposal,32,0,68
H0319,Negotiation,36,0,36
H0320,Discovery,35,0,35
H0321,Discovery,1,1,76
H0321,Qualified,50,1,75
H0321,Proposal,22,1,25
H0321,Negotiation,2,1,3
H0321,Commit,1,1,1
H0322,Discovery,21,0,21
H0323,Discovery,24,0,24
H0324,Discovery,1,0,1
H0325,Discovery,16,0,63
H0325,Qualified,47,0,47
H0326,Discovery,11,1,39
H0326,Qualified,7,1,28
H0326,Proposal,3,1,21
H0326,Negotiation,11,1,18
H0326,Commit,7,1,7
H0327,Discovery,30,0,30
H0328,Discovery,4,1,75
H0328,Qualified,33,1,71
H0328,Proposal,23,1,38
H0328,Negotiation,9,1,15
H0328,Commit,6,1,6
H0329,Discovery,36,0,36
H0330,Discovery,1,0,14
H0330,Qualified,5,0,13
H0330,Proposal,8,0,8
H0331,Discovery,21,0,110
H0331,Qualified,76,0,89
H0331,Proposal,13,0,13
H0332,Discovery,45,0,45
H0333,Discovery,35,0,35
H0334,Discovery,27,0,27
H0335,Discovery,19,0,19
H0336,Discovery,10,0,10
H0337,Discovery,35,0,36
H0337,Qualified,1,0,1
H0338,Discovery,10,0,10
H0339,Discovery,8,0,8
H0340,Discovery,14,0,26
H0340,Qualified,12,0,12
H0341,Discovery,7,0,7
H0342,Discovery,6,0,6
H0343,Discovery,10,0,48
H0343,Qualified,38,0,38
H0344,Discovery,2,0,2
H0345,Discovery,26,0,26
H0346,Discovery,4,0,20
H0346,Qualified,1,0,16
H0346,Proposal,15,0,15
H0347,Discovery,11,0,11
H0348,Discovery,11,0,11
H0349,Discovery,7,0,7
H0350,Discovery,42,0,42
H0351,Discovery,2,0,102
H0351,Qualified,15,0,100
H0351,Proposal,71,0,85
H0351,Negotiation,14,0,14
H0352,Discovery,11,0,11
H0353,Discovery,47,0,47
H0354,Discovery,2,0,2
H0355,Discovery,25,0,25
H0356,Discovery,8,0,77
H0356,Qualified,13,0,69
H0356,Proposal,56,0,56
H0357,Discovery,72,0,72
H0358,Discovery,45,0,45
H0359,Discovery,1,0,17
H0359,Qualified,16,0,16
H0360,Discovery,43,0,43
H0361,Discovery,11,0,11
H0362,Discovery,8,0,137
H0362,Qualified,56,0,129
H0362,Proposal,73,0,73
H0363,Discovery,1,0,9
H0363,Qualified,8,0,8
H0364,Discovery,3,0,88
H0364,Qualified,85,0,85
H0365,Discovery,7,0,23
H0365,Qualified,16,0,16
H0366,Discovery,14,0,113
H0366,Qualified,99,0,99
H0367,Discovery,24,1,98
H0367,Qualified,58,1,74
H0367,Proposal,6,1,16
H0367,Negotiation,4,1,10
H0367,Commit,6,1,6
H0368,Discovery,32,0,99
H0368,Qualified,7,0,67
H0368,Proposal,60,0,60
H0369,Discovery,41,0,41
H0370,Discovery,30,1,106
H0370,Qualified,56,1,76
H0370,Proposal,3,1,20
H0370,Negotiation,2,1,17
H0370,Commit,15,1,15
H0371,Discovery,18,0,23
H0371,Qualified,5,0,5
H0372,Discovery,4,0,61
H0372,Qualified,57,0,57
H0373,Discovery,7,0,12
H0373,Qualified,5,0,5
H0374,Discovery,43,0,43
H0375,Discovery,7,0,7
H0376,Discovery,6,0,60
H0376,Qualified,54,0,54
H0377,Discovery,2,0,2
H0378,Discovery,10,0,78
H0378,Qualified,40,0,68
H0378,Proposal,7,0,28
H0378,Negotiation,21,0,21
H0379,Discovery,2,0,68
H0379,Qualified,66,0,66
H0380,Discovery,16,0,16
H0381,Discovery,55,0,55
H0382,Discovery,42,0,42
H0383,Discovery,1,0,41
H0383,Qualified,40,0,40
H0384,Discovery,40,0,56
H0384,Qualified,16,0,16
H0385,Discovery,8,0,8
H0386,Discovery,1,0,1
H0387,Discovery,5,1,106
H0387,Qualified,17,1,101
H0387,Proposal,59,1,84
H0387,Negotiation,20,1,25
H0387,Commit,5,1,5
H0388,Discovery,5,0,15
H0388,Qualified,10,0,10
H0389,Discovery,19,0,19
H0390,Discovery,9,0,23
H0390,Qualified,11,0,14
H0390,Proposal,3,0,3
H0391,Discovery,55,0,55
H0392,Discovery,49,0,49
H0393,Discovery,5,0,19
H0393,Qualified,10,0,14
H0393,Proposal,4,0,4
H0394,Discovery,4,0,15
H0394,Qualified,11,0,11
H0395,Discovery,5,0,5
H0396,Discovery,40,0,40
H0397,Discovery,21,0,103
H0397,Qualified,17,0,82
H0397,Proposal,38,0,65
H0397,Negotiation,7,0,27
H0397,Commit,20,0,20
H0398,Discovery,2,0,74
H0398,Qualified,9,0,72
H0398,Proposal,63,0,63
H0399,Discovery,60,0,60
H0400,Discovery,40,0,41
H0400,Qualified,1,0,1
H0401,Discovery,14,0,14
H0402,Discovery,5,0,54
H0402,Qualified,49,0,49
H0403,Discovery,3,0,3
H0404,Discovery,37,0,69
H0404,Qualified,32,0,32
H0405,Discovery,3,0,3
H0406,Discovery,7,0,7
H0407,Discovery,25,0,85
H0407,Qualified,60,0,60
H0408,Discovery,33,0,33
H0409,Discovery,10,1,34
H0409,Qualified,16,1,24
H0409,Proposal,4,1,8
H0409,Negotiation,2,1,4
H0409,Commit,2,1,2
H0410,Discovery,65,0,65
H0411,Discovery,5,0,5
H0412,Discovery,8,0,28
H0412,Qualified,20,0,20
H0413,Discovery,3,0,62
H0413,Qualified,15,0,59
H0413,Proposal,44,0,44
H0414,Discovery,34,0,34
H0415,Discovery,46,0,46
H0416,Discovery,1,0,1
H0417,Discovery,5,0,5
H0418,Discovery,10,0,10
H0419,Discovery,6,0,6
H0420,Discovery,39,0,39
H0421,Discovery,44,0,44
H0422,Discovery,11,0,11
H0423,Discovery,2,1,32
H0423,Qualified,15,1,30
H0423,Proposal,7,1,15
H0423,Negotiation,5,1,8
H0423,Commit,3,1,3
H0424,Discovery,44,0,63
H0424,Qualified,2,0,19
H0424,Proposal,17,0,17
H0425,Discovery,2,0,2
H0426,Discovery,2,0,2
H0427,Discovery,3,0,3
H0428,Discovery,21,0,65
H0428,Qualified,2,0,44
H0428,Proposal,1,0,42
H0428,Negotiation,41,0,41
H0429,Discovery,14,0,14
H0430,Discovery,35,0,35
H0431,Discovery,48,0,48
H0432,Discovery,25,0,50
H0432,Qualified,25,0,25
H0433,Discovery,1,0,1
H0434,Discovery,50,0,142
H0434,Qualified,21,0,92
H0434,Proposal,71,0,71
H0435,Discovery,24,0,24
H0436,Discovery,39,0,39
H0437,Discovery,3,0,3
H0438,Discovery,17,0,17
H0439,Discovery,1,0,65
H0439,Qualified,64,0,64
H0440,Discovery,42,0,42
H0441,Discovery,10,0,19
H0441,Qualified,9,0,9
H0442,Discovery,2,0,142
H0442,Qualified,84,0,140
H0442,Proposal,56,0,56
H0443,Discovery,7,1,152
H0443,Qualified,8,1,145
H0443,Proposal,91,1,137
H0443,Negotiation,43,1,46
H0443,Commit,3,1,3
H0444,Discovery,45,0,45
H0445,Discovery,49,0,49
H0446,Discovery,15,0,15
H0447,Discovery,5,0,5
H0448,Discovery,40,0,40
H0449,Discovery,21,0,21
H0450,Discovery,15,0,34
H0450,Qualified,10,0,19
H0450,Proposal,9,0,9
H0451,Discovery,7,0,86
H0451,Qualified,39,0,79
H0451,Proposal,13,0,40
H0451,Negotiation,6,0,27
H0451,Commit,21,0,21
H0452,Discovery,39,0,136
H0452,Qualified,16,0,97
H0452,Proposal,81,0,81
H0453,Discovery,8,0,8
H0454,Discovery,50,0,50
H0455,Discovery,1,1,73
H0455,Qualified,22,1,72
H0455,Proposal,5,1,50
H0455,Negotiation,15,1,45
H0455,Commit,30,1,30
H0456,Discovery,63,0,63
H0457,Discovery,36,0,36
H0458,Discovery,36,0,61
H0458,Qualified,25,0,25
H0459,Discovery,16,0,54
H0459,Qualified,38,0,38
H0460,Discovery,10,0,10
H0461,Discovery,9,0,24
H0461,Qualified,15,0,15
H0462,Discovery,50,0,50
H0463,Discovery,27,0,27
H0464,Discovery,54,0,54
H0465,Discovery,12,0,12
H0466,Discovery,6,0,6
H0467,Discovery,18,0,18
H0468,Discovery,6,0,6
H0469,Discovery,9,0,126
H0469,Qualified,51,0,117
H0469,Proposal,66,0,66
H0470,Discovery,64,0,115
H0470,Qualified,2,0,51
H0470,Proposal,49,0,49
H0471,Discovery,69,0,216
H0471,Qualified,76,0,147
H0471,Proposal,71,0,71
H0472,Discovery,15,0,30
H0472,Qualified,12,0,15
H0472,Proposal,3,0,3
H0473,Discovery,44,0,44
H0474,Discovery,42,0,42
H0475,Discovery,14,0,81
H0475,Qualified,6,0,67
H0475,Proposal,61,0,61
H0476,Discovery,73,0,77
H0476,Qualified,4,0,4
H0477,Discovery,5,0,5
H0478,Discovery,5,1,101
H0478,Qualified,40,1,96
H0478,Proposal,20,1,56
H0478,Negotiation,31,1,36
H0478,Commit,5,1,5
H0479,Discovery,3,0,3
H0480,Discovery,5,0,99
H0480,Qualified,94,0,94
H0481,Discovery,42,0,71
H0481,Qualified,2,0,29
H0481,Proposal,27,0,27
H0482,Discovery,1,1,74
H0482,Qualified,22,1,73
H0482,Proposal,6,1,51
H0482,Negotiation,43,1,45
H0482,Commit,2,1,2
H0483,Discovery,33,0,33
H0484,Discovery,51,0,64
H0484,Qualified,13,0,13
H0485,Discovery,4,0,4
H0486,Discovery,19,1,75
H0486,Qualified,35,1,56
H0486,Proposal,12,1,21
H0486,Negotiation,1,1,9
H0486,Commit,8,1,8
H0487,Discovery,57,0,57
H0488,Discovery,8,1,89
H0488,Qualified,65,1,81
H0488,Proposal,12,1,16
H0488,Negotiation,1,1,4
H0488,Commit,3,1,3
H0489,Discovery,4,0,86
H0489,Qualified,82,0,82
H0490,Discovery,45,0,45
H0491,Discovery,6,0,6
H0492,Discovery,59,0,59
H0493,Discovery,74,1,134
H0493,Qualified,25,1,60
H0493,Proposal,11,1,35
H0493,Negotiation,16,1,24
H0493,Commit,8,1,8
H0494,Discovery,5,0,5
H0495,Discovery,18,0,99
H0495,Qualified,5,0,81
H0495,Proposal,16,0,76
H0495,Negotiation,24,0,60
H0495,Commit,36,0,36
H0496,Discovery,32,0,32
H0497,Discovery,46,0,46
H0498,Discovery,29,1,93
H0498,Qualified,30,1,64
H0498,Proposal,2,1,34
H0498,Negotiation,17,1,32
H0498,Commit,15,1,15
H0499,Discovery,45,0,45
H0500,Discovery,35,0,35
H0501,Discovery,37,0,95
H0501,Qualified,58,0,58
H0502,Discovery,49,0,49
H0503,Discovery,4,0,78
H0503,Qualified,18,0,74
H0503,Proposal,56,0,56
H0504,Discovery,8,0,8
H0505,Discovery,7,1,92
H0505,Qualified,47,1,85
H0505,Proposal,27,1,38
H0505,Negotiation,6,1,11
H0505,Commit,5,1,5
H0506,Discovery,33,0,33
H0507,Discovery,44,0,44
H0508,Discovery,8,1,72
H0508,Qualified,11,1,64
H0508,Proposal,37,1,53
H0508,Negotiation,8,1,16
H0508,Commit,8,1,8
H0509,Discovery,2,0,129
H0509,Qualified,61,0,127
H0509,Proposal,18,0,66
H0509,Negotiation,18,0,48
H0509,Commit,30,0,30
H0510,Discovery,24,0,24
H0511,Discovery,38,0,51
H0511,Qualified,6,0,13
H0511,Proposal,7,0,7
H0512,Discovery,11,0,68
H0512,Qualified,57,0,57
H0513,Discovery,5,0,56
H0513,Qualified,51,0,51
H0514,Discovery,13,0,18
H0514,Qualified,5,0,5
H0515,Discovery,1,0,18
H0515,Qualified,10,0,17
H0515,Proposal,7,0,7
H0516,Discovery,18,0,18
H0517,Discovery,9,0,9
H0518,Discovery,30,0,120
H0518,Qualified,19,0,90
H0518,Proposal,2,0,71
H0518,Negotiation,69,0,69
H0519,Discovery,16,0,16
H0520,Discovery,4,0,4
H0521,Discovery,61,0,142
H0521,Qualified,81,0,81
H0522,Discovery,5,0,5
H0523,Discovery,3,0,4
H0523,Qualified,1,0,1
H0524,Discovery,4,0,4
H0525,Discovery,12,0,20
H0525,Qualified,8,0,8
H0526,Discovery,65,0,65
H0527,Discovery,42,0,105
H0527,Qualified,2,0,63
H0527,Proposal,12,0,61
H0527,Negotiation,49,0,49
H0528,Discovery,40,0,48
H0528,Qualified,8,0,8
H0529,Discovery,38,0,108
H0529,Qualified,36,0,70
H0529,Proposal,2,0,34
H0529,Negotiation,32,0,32
H0530,Discovery,58,0,58
H0531,Discovery,6,0,6
H0532,Discovery,1,0,7
H0532,Qualified,6,0,6
H0533,Discovery,49,0,105
H0533,Qualified,2,0,56
H0533,Proposal,20,0,54
H0533,Negotiation,34,0,34
H0534,Discovery,41,0,41
H0535,Discovery,3,0,11
H0535,Qualified,8,0,8
H0536,Discovery,10,0,79
H0536,Qualified,69,0,69
H0537,Discovery,2,0,57
H0537,Qualified,55,0,55
H0538,Discovery,33,0,111
H0538,Qualified,78,0,78
H0539,Discovery,72,0,72
H0540,Discovery,17,0,115
H0540,Qualified,4,0,98
H0540,Proposal,59,0,94
H0540,Negotiation,2,0,35
H0540,Commit,33,0,33
H0541,Discovery,38,0,38
H0542,Discovery,50,0,50
H0543,Discovery,24,0,25
H0543,Qualified,1,0,1
H0544,Discovery,8,0,130
H0544,Qualified,70,0,122
H0544,Proposal,4,0,52
H0544,Negotiation,48,0,48
H0545,Discovery,10,0,53
H0545,Qualified,43,0,43
H0546,Discovery,4,0,4
H0547,Discovery,22,0,54
H0547,Qualified,8,0,32
H0547,Proposal,24,0,24
H0548,Discovery,66,0,66
H0549,Discovery,26,0,26
H0550,Discovery,9,0,9
H0551,Discovery,29,0,43
H0551,Qualified,14,0,14
H0552,Discovery,86,0,86
H0553,Discovery,4,0,34
H0553,Qualified,5,0,30
H0553,Proposal,25,0,25
H0554,Discovery,22,0,22
H0555,Discovery,40,0,40
H0556,Discovery,2,0,2
H0557,Discovery,6,0,6
H0558,Discovery,23,1,59
H0558,Qualified,1,1,36
H0558,Proposal,12,1,35
H0558,Negotiation,6,1,23
H0558,Commit,17,1,17
H0559,Discovery,2,0,13
H0559,Qualified,11,0,11
H0560,Discovery,2,0,2
H0561,Discovery,50,0,50
H0562,Discovery,7,0,24
H0562,Qualified,17,0,17
H0563,Discovery,10,0,10
H0564,Discovery,63,0,133
H0564,Qualified,4,0,70
H0564,Proposal,66,0,66
H0565,Discovery,5,0,70
H0565,Qualified,65,0,65
H0566,Discovery,37,0,37
H0567,Discovery,2,0,2
H0568,Discovery,45,0,87
H0568,Qualified,18,0,42
H0568,Proposal,24,0,24
H0569,Discovery,7,0,7
H0570,Discovery,61,0,61
H0571,Discovery,20,0,20
H0572,Discovery,20,0,23
H0572,Qualified,3,0,3
H0573,Discovery,3,0,3
H0574,Discovery,1,1,93
H0574,Qualified,19,1,92
H0574,Proposal,8,1,73
H0574,Negotiation,54,1,65
H0574,Commit,11,1,11
H0575,Discovery,18,0,18
H0576,Discovery,3,0,3
H0577,Discovery,23,0,125
H0577,Qualified,64,0,102
H0577,Proposal,4,0,38
H0577,Negotiation,34,0,34
H0578,Discovery,3,0,17
H0578,Qualified,4,0,14
H0578,Proposal,3,0,10
H0578,Negotiation,7,0,7
H0579,Discovery,4,0,4
H0580,Discovery,26,0,26
H0581,Discovery,6,1,92
H0581,Qualified,12,1,86
H0581,Proposal,30,1,74
H0581,Negotiation,35,1,44
H0581,Commit,9,1,9
H0582,Discovery,1,0,1
H0583,Discovery,7,0,7
H0584,Discovery,4,0,30
H0584,Qualified,26,0,26
H0585,Discovery,24,0,43
H0585,Qualified,19,0,19
H0586,Discovery,17,0,17
H0587,Discovery,40,0,40
H0588,Discovery,7,0,7
H0589,Discovery,3,0,3
H0590,Discovery,11,0,11
H0591,Discovery,3,0,54
H0591,Qualified,51,0,51
H0592,Discovery,13,0,19
H0592,Qualified,6,0,6
H0593,Discovery,26,0,101
H0593,Qualified,26,0,75
H0593,Proposal,49,0,49
H0594,Discovery,15,0,15
H0595,Discovery,53,0,53
H0596,Discovery,1,0,1
H0597,Discovery,5,0,53
H0597,Qualified,48,0,48
H0598,Discovery,7,0,7
H0599,Discovery,54,0,119
H0599,Qualified,3,0,65
H0599,Proposal,62,0,62
