deal_id,account,owner,stage,amount,days_in_stage,rep_category
D001,Quanta Auto,jordan,Qualified,122500,4,pipeline
D002,Juniper Pharma,jordan,Qualified,75500,2,pipeline
D003,Acme Logistics,avery,Negotiation,62500,1,commit
D004,Orbit Media,jordan,Discovery,22000,45,pipeline
D005,Riverbend Utilities,avery,Qualified,51000,23,pipeline
D006,Delta Freight,taylor,Qualified,43000,37,pipeline
D007,Brightline Health,taylor,Discovery,69000,43,pipeline
D008,Keystone Insurance,avery,Qualified,21000,7,pipeline
D009,Riverbend Utilities,jordan,Discovery,50500,9,pipeline
D010,Delta Freight,taylor,Discovery,18500,8,pipeline
D011,Granite Telecom,jordan,Discovery,9500,46,pipeline
D012,Keystone Insurance,sam,Proposal,18000,45,best_case
D013,Orbit Media,jordan,Discovery,24500,45,pipeline
D014,Evergreen Foods,sam,Qualified,86000,44,pipeline
D015,Granite Telecom,taylor,Negotiation,16000,64,commit
D016,Ion Energy,taylor,Qualified,22000,75,pipeline
D017,Harbor Retail,taylor,Discovery,69000,51,pipeline
D018,Acme Logistics,avery,Proposal,93000,7,best_case
D019,Evergreen Foods,avery,Qualified,32000,60,pipeline
D020,Evergreen Foods,avery,Commit,87000,24,commit
D021,Cobalt Mining,taylor,Qualified,44500,2,pipeline
D022,Lumen Labs,avery,Qualified,24000,89,pipeline
D023,Pinnacle Steel,avery,Proposal,104500,44,best_case
D024,Meridian Air,taylor,Qualified,130000,16,pipeline
D025,Orbit Media,taylor,Proposal,35000,62,best_case
D026,Acme Logistics,jordan,Qualified,43500,57,pipeline
D027,Acme Logistics,sam,Discovery,74500,6,pipeline
D028,Harbor Retail,sam,Proposal,73000,51,best_case
D029,Granite Telecom,taylor,Proposal,75000,6,best_case
D030,Brightline Health,avery,Commit,30500,45,commit
D031,Northwind Traders,taylor,Discovery,40500,14,pipeline
D032,Brightline Health,sam,Qualified,51500,38,pipeline
D033,Acme Logistics,jordan,Discovery,60000,8,pipeline
D034,Brightline Health,avery,Discovery,18000,9,pipeline
D035,Pinnacle Steel,sam,Proposal,68500,5,best_case
D036,Ion Energy,sam,Discovery,71000,11,pipeline
D037,Harbor Retail,avery,Commit,179000,5,commit
D038,Acme Logistics,taylor,Negotiation,51000,12,commit
D039,Keystone Insurance,jordan,Proposal,89500,3,best_case
D040,Cobalt Mining,sam,Negotiation,35000,11,commit
D041,Orbit Media,sam,Negotiation,45500,12,commit
D042,Evergreen Foods,taylor,Proposal,32500,4,best_case
D043,Pinnacle Steel,avery,Qualified,167000,26,pipeline
D044,Fulcrum Bank,sam,Qualified,118000,7,pipeline
D045,Evergreen Foods,sam,Qualified,91000,16,pipeline
D046,Acme Logistics,avery,Discovery,54500,11,pipeline
D047,Fulcrum Bank,avery,Qualified,61500,49,pipeline
D048,Harbor Retail,taylor,Qualified,91000,13,pipeline
D049,Northwind Traders,avery,Qualified,56000,47,pipeline
D050,Keystone Insurance,sam,Discovery,22000,4,pipeline
D051,Ion Energy,jordan,Qualified,96000,22,pipeline
D052,Riverbend Utilities,jordan,Negotiation,118500,61,commit
D053,Evergreen Foods,jordan,Discovery,60500,69,pipeline
D054,Granite Telecom,jordan,Qualified,143000,60,pipeline
D055,Northwind Traders,jordan,Discovery,44000,4,pipeline
D056,Lumen Labs,sam,Proposal,20500,3,best_case
D057,Granite Telecom,avery,Qualified,54500,12,pipeline
D058,Pinnacle Steel,jordan,Discovery,185500,3,pipeline
D059,Delta Freight,avery,Discovery,33000,38,pipeline
D060,Lumen Labs,taylor,Discovery,44500,33,pipeline
D061,Lumen Labs,sam,Proposal,32000,49,best_case
D062,Meridian Air,jordan,Discovery,155000,10,pipeline
D063,Meridian Air,jordan,Commit,168500,21,commit
D064,Meridian Air,jordan,Negotiation,175000,18,commit
