day,weekday,dau,signups,conversion_rate,revenue,anomaly
1,Mon,41431,950,0.03094,48184.39,
2,Tue,42679,903,0.03056,48989.20,
3,Wed,43093,933,0.03028,51691.91,
4,Thu,40577,925,0.03043,46417.12,
5,Fri,39549,827,0.03172,49025.85,
6,Sat,31210,730,0.03140,36851.49,
7,Sun,29763,761,0.03397,38617.72,
8,Mon,42733,1087,0.03131,50442.01,
9,Tue,43795,920,0.03142,53861.17,
10,Wed,43598,935,0.03091,52847.05,
11,Thu,43287,892,0.03052,51001.80,
12,Fri,40914,841,0.03099,47825.78,
13,Sat,31553,707,0.03447,40440.87,
14,Sun,29568,777,0.03285,35556.57,
15,Mon,44319,975,0.02984,52935.71,
16,Tue,45074,972,0.03161,55535.78,
17,Wed,44697,906,0.03000,49975.68,
18,Thu,44373,906,0.03171,54973.71,
19,Fri,41711,827,0.03097,47934.68,
20,Sat,32625,759,0.03272,40335.81,
21,Sun,30785,827,0.03252,37370.43,
22,Mon,44139,1085,0.03178,53477.22,
23,Tue,45213,1001,0.02881,48956.56,
24,Wed,36651,975,0.03043,41690.26,dau+revenue:login outage
25,Thu,44004,879,0.03094,53325.73,
26,Fri,41757,863,0.03137,51173.98,
27,Sat,31997,709,0.03250,40377.86,
28,Sun,30928,859,0.03299,37921.36,
29,Mon,44695,1032,0.03156,55525.30,
30,Tue,45297,1039,0.03204,55815.41,
31,Wed,45843,960,0.03054,52381.10,
32,Thu,45445,974,0.03179,53333.72,
33,Fri,43736,886,0.03122,49613.36,
34,Sat,34151,792,0.03198,41456.95,
35,Sun,30641,841,0.03295,37133.62,
36,Mon,44816,1088,0.03053,50075.60,
37,Tue,46812,1079,0.03186,56354.24,
38,Wed,48370,894,0.02856,53613.08,
39,Thu,46448,1003,0.03061,54483.69,
40,Fri,44513,941,0.02976,50505.46,
41,Sat,33880,743,0.03279,42201.18,
42,Sun,32235,1327,0.03258,43997.74,signups:influencer mention
43,Mon,46648,1047,0.03268,58798.46,
44,Tue,48974,1011,0.03282,62682.56,
45,Wed,47247,885,0.03020,52180.97,
46,Thu,47967,950,0.03126,57908.38,
47,Fri,43368,994,0.03151,50553.61,
48,Sat,33878,807,0.03233,43985.81,
49,Sun,32829,859,0.03404,42035.28,
50,Mon,47091,1073,0.02961,53637.48,
51,Tue,48684,1072,0.02924,54235.69,
52,Wed,47593,958,0.03028,54535.85,
53,Thu,49478,972,0.03375,65395.09,
54,Fri,45250,926,0.03123,49313.79,
55,Sat,33632,835,0.03346,43495.96,
56,Sun,32610,875,0.03270,41399.31,
57,Mon,46653,1055,0.03396,59927.12,
58,Tue,50846,1064,0.03082,61282.89,
59,Wed,50100,997,0.02062,38890.35,conversion_rate+revenue:checkout bug after release
60,Thu,49489,996,0.03077,57827.92,
61,Fri,46491,878,0.03073,56997.23,
62,Sat,35286,743,0.03473,48578.96,
63,Sun,32787,880,0.03499,44643.46,
64,Mon,48268,1138,0.03138,56863.48,
65,Tue,50067,1134,0.03236,64709.61,
66,Wed,51427,1034,0.03217,63251.97,
67,Thu,49582,1006,0.03203,57529.32,
68,Fri,47235,926,0.03140,55333.34,
69,Sat,35800,780,0.03334,45348.35,
70,Sun,34607,856,0.03375,45928.10,
71,Mon,49250,1138,0.02896,53359.62,
72,Tue,51941,1099,0.03424,68237.09,
73,Wed,48959,932,0.03026,59312.00,
74,Thu,48227,1049,0.03054,54200.32,
75,Fri,47885,965,0.02995,55552.77,
76,Sat,36066,764,0.03289,46696.13,
77,Sun,33995,774,0.03167,40813.60,
78,Mon,50947,1156,0.03126,41029.26,revenue:payment provider degradation
79,Tue,53207,1132,0.03140,48273.76,revenue:payment provider degradation
80,Wed,53620,1010,0.03083,63205.44,
81,Thu,50440,1081,0.03023,60318.68,
82,Fri,47757,944,0.03249,59041.23,
83,Sat,36325,767,0.03263,48152.46,
84,Sun,35162,918,0.03264,44754.99,
85,Mon,51186,1223,0.03390,62460.90,
86,Tue,54081,1093,0.02973,63810.51,
87,Wed,50987,962,0.03150,60875.75,
88,Thu,51862,1087,0.03125,60887.36,
89,Fri,49298,1033,0.03150,58297.16,
90,Sat,36582,870,0.03319,44132.58,
91,Sun,35697,848,0.03330,43930.49,
92,Mon,51820,1161,0.03349,66409.38,
93,Tue,52687,1103,0.03067,59640.66,
94,Wed,54136,1095,0.03125,62513.56,
95,Thu,52102,1039,0.03091,57032.21,
96,Fri,47549,1056,0.03164,55385.90,
97,Sat,44648,819,0.03169,45362.40,dau:bot traffic
98,Sun,35702,888,0.03201,41609.42,
99,Mon,51607,1225,0.03135,64410.18,
100,Tue,54979,1152,0.03046,64563.25,
101,Wed,53871,1080,0.03051,60712.39,
102,Thu,53147,1054,0.03202,61629.16,
103,Fri,51152,973,0.03022,60004.06,
104,Sat,36953,821,0.03413,47078.10,
105,Sun,35998,538,0.03274,44446.56,signups:tracking pixel removed
106,Mon,53332,1163,0.03055,64001.00,
107,Tue,53976,1177,0.02994,62472.31,
108,Wed,53717,1051,0.02989,61264.88,
109,Thu,54937,1240,0.02966,61976.33,
110,Fri,50620,1075,0.03113,59199.56,
111,Sat,37615,872,0.03432,46976.26,
112,Sun,35680,981,0.03196,42788.27,
113,Mon,52294,1276,0.02980,61738.17,
114,Tue,56249,1167,0.03229,64170.72,
115,Wed,55938,1014,0.03157,65702.66,
116,Thu,56334,1078,0.02939,60976.50,
117,Fri,51794,1057,0.03177,62835.45,
118,Sat,40755,833,0.03118,48224.77,
119,Sun,37207,950,0.03439,51024.41,
120,Mon,56037,1170,0.02996,62094.98,
