change_id,type,outcome
CHG-800,firmware,success
CHG-801,software-deploy,rolled_back
CHG-802,power-maintenance,success
CHG-803,firmware,success
CHG-804,software-deploy,success
CHG-805,power-maintenance,success
CHG-806,config,success
CHG-807,hardware-swap,success
CHG-808,software-deploy,success
CHG-809,config,success
CHG-810,config,success
CHG-811,config,success
CHG-812,config,success
CHG-813,config,success
CHG-814,config,success
CHG-815,software-deploy,success
CHG-816,hardware-swap,success
CHG-817,hardware-swap,success
CHG-818,software-deploy,success
CHG-819,config,success
CHG-820,config,success
CHG-821,config,success
CHG-822,config,success
CHG-823,power-maintenance,success
CHG-824,hardware-swap,success
CHG-825,hardware-swap,success
CHG-826,software-deploy,success
CHG-827,firmware,success
CHG-828,hardware-swap,success
CHG-829,firmware,success
CHG-830,config,success
CHG-831,hardware-swap,success
CHG-832,config,success
CHG-833,config,success
CHG-834,firmware,success
CHG-835,hardware-swap,success
CHG-836,config,success
CHG-837,config,success
CHG-838,power-maintenance,success
CHG-839,config,success
CHG-840,firmware,success
CHG-841,power-maintenance,success
CHG-842,config,success
CHG-843,hardware-swap,success
CHG-844,hardware-swap,success
CHG-845,software-deploy,success
CHG-846,hardware-swap,failed
CHG-847,config,success
CHG-848,config,success
CHG-849,software-deploy,success
CHG-850,config,failed
CHG-851,config,success
CHG-852,software-deploy,success
CHG-853,software-deploy,success
CHG-854,software-deploy,success
CHG-855,config,success
CHG-856,config,success
CHG-857,hardware-swap,success
CHG-858,software-deploy,success
CHG-859,software-deploy,success
CHG-860,config,success
CHG-861,config,success
CHG-862,software-deploy,success
CHG-863,hardware-swap,success
CHG-864,hardware-swap,success
CHG-865,hardware-swap,success
CHG-866,software-deploy,success
CHG-867,software-deploy,success
CHG-868,power-maintenance,success
CHG-869,firmware,success
CHG-870,config,success
CHG-871,config,success
CHG-872,software-deploy,success
CHG-873,software-deploy,rolled_back
CHG-874,software-deploy,success
CHG-875,config,success
CHG-876,config,success
CHG-877,hardware-swap,success
CHG-878,software-deploy,rolled_back
CHG-879,config,success
CHG-880,software-deploy,success
CHG-881,config,success
CHG-882,config,success
CHG-883,config,success
CHG-884,firmware,success
CHG-885,firmware,failed
CHG-886,software-deploy,success
CHG-887,software-deploy,success
CHG-888,config,failed
CHG-889,software-deploy,success
CHG-890,firmware,success
CHG-891,config,success
CHG-892,config,success
CHG-893,config,success
CHG-894,firmware,success
CHG-895,software-deploy,success
CHG-896,config,success
CHG-897,firmware,success
CHG-898,firmware,success
CHG-899,config,success
CHG-900,firmware,success
CHG-901,software-deploy,failed
CHG-902,config,success
CHG-903,software-deploy,success
CHG-904,software-deploy,success
CHG-905,software-deploy,success
CHG-906,software-deploy,success
CHG-907,config,success
CHG-908,config,success
CHG-909,software-deploy,success
CHG-910,config,success
CHG-911,hardware-swap,success
CHG-912,power-maintenance,rolled_back
CHG-913,power-maintenance,success
CHG-914,software-deploy,success
CHG-915,config,success
CHG-916,firmware,success
CHG-917,hardware-swap,success
CHG-918,hardware-swap,success
CHG-919,hardware-swap,success
CHG-920,config,success
CHG-921,hardware-swap,success
CHG-922,config,success
CHG-923,hardware-swap,success
CHG-924,config,success
CHG-925,power-maintenance,rolled_back
CHG-926,firmware,success
CHG-927,config,success
CHG-928,software-deploy,success
CHG-929,firmware,rolled_back
CHG-930,software-deploy,success
CHG-931,power-maintenance,success
CHG-932,software-deploy,success
CHG-933,config,success
CHG-934,software-deploy,success
CHG-935,power-maintenance,success
CHG-936,config,success
CHG-937,software-deploy,success
CHG-938,config,success
CHG-939,software-deploy,rolled_back
CHG-940,hardware-swap,success
CHG-941,config,success
CHG-942,config,success
CHG-943,power-maintenance,success
CHG-944,software-deploy,success
CHG-945,firmware,success
CHG-946,software-deploy,success
CHG-947,software-deploy,failed
CHG-948,hardware-swap,success
CHG-949,config,success
CHG-950,software-deploy,success
CHG-951,software-deploy,success
CHG-952,hardware-swap,success
CHG-953,hardware-swap,success
CHG-954,software-deploy,rolled_back
CHG-955,firmware,rolled_back
CHG-956,hardware-swap,success
CHG-957,software-deploy,success
CHG-958,config,success
CHG-959,config,success
CHG-960,firmware,success
CHG-961,config,success
CHG-962,hardware-swap,success
CHG-963,hardware-swap,success
CHG-964,hardware-swap,success
CHG-965,config,success
CHG-966,config,success
