serial,model,power_on_hours,temperature_c,reallocated_sectors,pending_sectors,uncorrectable_errors,crc_errors,seek_error_rate,failed_30d
D00000,SG-16T,15378,30.9,0,0,0,0,0.244,0
D00001,HX-8T,44845,36.2,0,0,0,6,0.171,0
D00002,HX-12T,15347,44.9,0,0,0,0,0.213,0
D00003,SG-16T,6398,39.1,0,0,0,0,0.392,0
D00004,HX-12T,47628,36.3,0,0,0,0,0.295,0
D00005,SG-16T,17090,34.4,0,0,0,0,0.331,0
D00006,HX-12T,40571,38.2,0,0,0,0,0.385,0
D00007,HX-8T,21119,39.2,6,0,0,0,0.505,0
D00008,HX-12T,11109,28.4,0,0,0,0,0.214,0
D00009,HX-12T,21507,33.9,0,0,0,0,0.368,0
D00010,HX-12T,15173,36.4,0,0,0,0,0.533,0
D00011,HX-12T,9968,37.5,1,0,0,0,0.518,0
D00012,SG-16T,36123,43.8,0,0,0,0,0.176,0
D00013,HX-8T,48892,42.3,0,0,0,0,0.151,0
D00014,SG-16T,40790,27.4,0,0,0,0,0.23,0
D00015,HX-8T,25163,35.9,0,0,0,0,0.198,0
D00016,SG-16T,19922,38.7,0,0,0,0,0.211,0
D00017,SG-16T,27332,46.9,0,0,0,0,0.22,0
D00018,HX-12T,11954,39.1,0,0,1,0,0.478,0
D00019,HX-8T,50160,35.9,0,0,0,0,0.142,0
D00020,HX-12T,11460,35.3,76,0,0,0,0.708,0
D00021,SG-16T,21471,30.4,0,0,0,0,0.301,0
D00022,SG-16T,23466,37.2,0,0,0,0,0.294,0
D00023,HX-12T,46854,37.8,0,0,0,0,0.19,0
D00024,HX-8T,19242,41.5,0,0,0,0,0.529,0
D00025,HX-12T,7706,35.7,0,0,0,0,0.124,0
D00026,HX-8T,7918,40.6,0,0,0,0,0.239,0
D00027,HX-12T,40100,38.1,0,0,0,0,0.635,0
D00028,HX-8T,4787,32.4,0,0,0,0,0.373,0
D00029,SG-16T,9870,31.7,0,0,0,0,0.179,0
D00030,SG-16T,11859,37.0,0,0,0,0,0.585,0
D00031,SG-16T,44377,39.7,0,0,0,0,0.489,0
D00032,HX-12T,35380,31.1,0,0,0,0,0.357,0
D00033,SG-16T,47781,32.0,0,0,0,0,0.42,0
D00034,SG-16T,34047,40.9,0,0,0,0,0.173,0
D00035,HX-12T,39238,34.5,4,0,0,0,0.346,0
D00036,SG-16T,31228,42.0,0,0,0,0,0.379,0
D00037,HX-8T,39322,44.2,0,0,0,0,0.116,0
D00038,HX-8T,47696,34.3,3,0,0,0,0.369,0
D00039,HX-12T,3714,39.6,2,0,0,0,0.427,0
D00040,HX-12T,36365,41.8,0,1,0,0,0.569,0
D00041,HX-12T,14014,38.9,0,0,0,0,0.448,0
D00042,HX-12T,23830,35.3,0,0,0,0,0.396,0
D00043,HX-8T,36054,32.9,4,0,0,0,0.329,0
D00044,HX-12T,40375,40.1,35,0,0,0,0.649,1
D00045,SG-16T,43103,33.4,0,0,0,0,0.563,0
D00046,SG-16T,12907,29.2,0,0,0,0,0.399,0
D00047,HX-8T,15302,40.9,6,0,6,0,0.653,0
D00048,HX-8T,17849,37.4,1,0,0,0,0.348,0
D00049,HX-12T,17258,34.8,21,2,0,0,0.515,0
D00050,HX-12T,25820,39.2,0,0,0,0,0.178,0
D00051,HX-8T,6715,29.4,0,0,0,20,0.116,0
D00052,HX-12T,24498,34.3,0,0,0,2,0.481,0
D00053,SG-16T,12396,38.1,0,0,0,0,0.533,0
D00054,HX-12T,40785,29.0,0,0,0,0,0.382,0
D00055,HX-8T,33232,34.1,0,1,0,0,0.408,0
D00056,SG-16T,25388,38.9,0,0,0,0,0.3,0
D00057,SG-16T,3498,32.1,0,0,0,0,0.319,0
D00058,HX-12T,32354,27.6,0,0,0,0,0.148,0
D00059,HX-8T,22124,35.8,1,0,0,0,0.352,0
D00060,SG-16T,37269,33.1,0,0,0,0,0.295,0
D00061,HX-8T,1412,38.1,0,0,0,0,0.27,0
D00062,HX-12T,37620,43.6,0,0,0,0,0.486,0
D00063,SG-16T,46839,29.3,0,0,0,0,0.417,0
D00064,SG-16T,2632,43.8,0,0,0,0,0.301,0
D00065,HX-12T,23544,37.2,0,0,0,0,0.482,0
D00066,HX-12T,39767,29.4,0,0,0,0,0.297,0
D00067,HX-8T,47036,43.9,0,0,0,0,0.321,0
D00068,SG-16T,50422,34.3,0,0,0,0,0.301,0
D00069,HX-12T,19085,44.0,0,0,0,0,0.388,0
D00070,SG-16T,18948,32.0,0,0,0,0,0.226,0
D00071,SG-16T,19749,39.3,0,0,0,0,0.558,0
D00072,HX-8T,20255,38.1,0,0,0,0,0.404,0
D00073,SG-16T,39036,32.8,0,0,0,0,0.593,0
D00074,SG-16T,49521,35.9,1,0,0,0,0.409,0
D00075,HX-12T,2302,40.4,0,0,0,0,0.479,0
D00076,HX-12T,17419,38.3,0,1,0,0,0.247,0
D00077,HX-8T,20220,32.6,0,0,0,0,0.198,0
D00078,HX-8T,11470,35.4,0,0,0,0,0.238,0
D00079,SG-16T,25542,35.7,0,0,0,0,0.448,0
D00080,HX-12T,42312,37.4,0,0,0,7,0.152,0
D00081,SG-16T,34816,33.4,0,0,0,0,0.175,0
D00082,HX-12T,23602,36.1,0,0,0,0,0.107,0
D00083,HX-12T,15896,38.8,0,0,0,0,0.257,0
D00084,HX-12T,34339,36.7,0,0,0,0,0.305,0
D00085,HX-12T,50019,36.2,0,0,0,0,0.098,0
D00086,HX-12T,2005,35.7,0,0,0,0,0.265,0
D00087,SG-16T,28898,46.3,0,0,0,0,0.042,0
D00088,HX-8T,45934,36.5,2,0,0,0,0.325,0
D00089,HX-12T,25579,36.8,39,0,8,0,0.687,0
D00090,HX-12T,51489,38.3,0,0,0,0,0.122,0
D00091,SG-16T,35473,34.3,0,0,0,2,0.432,0
D00092,HX-12T,1979,35.2,0,0,0,0,0.283,0
D00093,SG-16T,49985,34.8,0,0,0,0,0.311,0
D00094,HX-8T,11444,39.0,0,0,0,5,0.458,0
D00095,SG-16T,45839,40.8,0,0,0,0,0.339,0
D00096,HX-12T,36350,35.6,1,0,0,0,0.0,0
D00097,HX-12T,48077,37.4,0,0,0,0,0.246,0
D00098,HX-12T,11099,37.7,0,0,0,0,0.322,0
D00099,HX-12T,5211,40.6,0,0,0,0,0.372,0
D00100,HX-12T,5273,35.9,0,0,0,0,0.485,0
D00101,HX-12T,17372,37.7,0,0,0,1,0.175,0
D00102,SG-16T,44479,35.7,0,0,0,4,0.446,0
D00103,HX-12T,35564,34.7,0,0,0,0,0.093,0
D00104,SG-16T,13664,40.8,0,0,0,0,0.168,0
D00105,SG-16T,15385,38.5,0,0,0,0,0.235,0
D00106,HX-8T,26414,37.0,0,0,0,4,0.34,0
D00107,HX-8T,15802,31.0,0,0,0,5,0.373,0
D00108,HX-8T,27338,31.4,0,0,0,0,0.077,0
D00109,HX-12T,5121,39.1,33,0,0,0,0.599,0
D00110,HX-12T,23600,42.4,0,0,0,0,0.275,0
D00111,SG-16T,44665,37.6,0,0,0,0,0.117,0
D00112,SG-16T,20496,38.1,0,0,0,0,0.581,0
D00113,HX-8T,6445,37.4,0,0,0,0,0.012,0
D00114,SG-16T,22249,36.4,0,0,0,0,0.494,0
D00115,HX-12T,29423,40.0,0,0,0,0,0.257,0
D00116,HX-12T,18126,44.2,0,0,0,0,0.31,0
D00117,SG-16T,26387,35.9,0,0,0,0,0.343,0
D00118,HX-8T,8322,37.9,0,0,0,0,0.491,0
D00119,SG-16T,32765,39.0,0,0,0,0,0.474,0
D00120,HX-8T,48152,37.3,0,0,0,0,0.423,0
D00121,HX-12T,32724,35.5,0,0,0,0,0.285,0
D00122,HX-8T,14946,35.8,0,0,0,0,0.208,0
D00123,SG-16T,18754,40.8,0,0,0,0,0.343,0
D00124,SG-16T,20974,40.2,0,0,0,0,0.386,0
D00125,HX-12T,31108,41.5,170,0,0,0,0.396,1
D00126,HX-8T,11152,44.2,0,0,0,0,0.365,0
D00127,HX-8T,21290,36.4,0,0,0,0,0.553,0
D00128,HX-12T,1336,37.6,0,0,0,0,0.546,0
D00129,SG-16T,37205,38.9,0,0,0,0,0.435,0
D00130,HX-8T,17581,42.2,0,41,3,0,0.739,1
D00131,HX-8T,4977,29.7,0,0,0,0,0.522,0
D00132,SG-16T,39237,38.4,0,0,0,0,0.441,0
D00133,HX-8T,51717,35.6,0,0,0,0,0.21,0
D00134,SG-16T,14906,31.1,0,0,0,0,0.0,0
D00135,SG-16T,17932,36.4,1,0,0,0,0.211,0
D00136,SG-16T,23031,35.1,0,0,0,0,0.428,0
D00137,HX-8T,1718,37.7,0,0,0,0,0.394,0
D00138,HX-8T,44005,37.4,0,0,4,0,0.766,0
D00139,HX-8T,15664,28.2,0,0,0,0,0.52,0
D00140,HX-8T,17888,40.0,0,0,0,0,0.351,0
D00141,HX-8T,37328,36.6,0,0,0,0,0.045,0
D00142,SG-16T,29386,37.3,0,0,0,4,0.373,0
D00143,HX-12T,47987,37.5,0,0,0,0,0.392,0
D00144,HX-12T,15897,38.7,0,0,0,0,0.16,0
D00145,HX-8T,11081,36.8,0,0,0,0,0.226,0
D00146,HX-12T,11038,34.7,0,0,0,0,0.291,0
D00147,SG-16T,999,34.7,0,0,0,0,0.36,0
D00148,HX-8T,27187,41.6,0,0,0,0,0.335,0
D00149,HX-12T,44449,31.6,0,0,0,0,0.302,0
D00150,HX-12T,12982,39.3,0,0,0,0,0.09,0
D00151,HX-12T,29780,37.2,0,0,0,0,0.273,0
D00152,HX-12T,23818,41.2,0,0,0,0,0.324,0
D00153,HX-12T,9007,34.6,0,0,0,0,0.167,0
D00154,SG-16T,28071,38.0,0,0,0,0,0.21,0
D00155,SG-16T,4090,37.4,0,0,0,0,0.367,0
D00156,HX-8T,50755,40.0,0,0,0,3,0.334,0
D00157,HX-12T,40324,40.2,0,0,0,0,0.274,0
D00158,SG-16T,7643,39.0,0,0,0,0,0.206,0
D00159,HX-12T,8344,34.7,2,0,0,0,0.506,0
D00160,HX-8T,26141,39.0,0,0,0,0,0.158,0
D00161,HX-8T,1583,35.8,0,0,0,0,0.096,0
D00162,HX-12T,51536,35.7,0,0,0,0,0.863,0
D00163,HX-12T,40327,37.4,0,0,0,0,0.506,0
D00164,HX-12T,45839,33.6,2,0,0,1,0.382,0
D00165,HX-12T,43657,41.2,0,0,0,2,0.356,0
D00166,SG-16T,44798,40.6,2,0,0,0,0.335,0
D00167,HX-8T,32156,34.9,0,0,0,1,0.334,1
D00168,HX-8T,44615,34.4,0,0,0,0,0.296,0
D00169,SG-16T,22065,39.7,0,0,0,0,0.514,0
D00170,HX-12T,18989,33.2,0,0,0,0,0.024,0
D00171,SG-16T,48930,34.4,0,0,0,0,0.314,0
D00172,HX-12T,9559,35.2,0,0,0,0,0.32,0
D00173,SG-16T,8101,37.9,1,0,0,0,0.329,0
D00174,SG-16T,44046,31.7,0,0,0,0,0.213,0
D00175,HX-8T,12468,39.8,0,0,0,0,0.254,0
D00176,HX-8T,25927,38.9,0,0,0,0,0.378,0
D00177,HX-8T,47467,32.6,6,0,0,0,0.375,0
D00178,SG-16T,6807,36.8,0,0,0,0,0.541,0
D00179,HX-12T,5956,37.0,0,0,0,0,0.375,0
D00180,HX-12T,9729,32.6,0,0,0,0,0.498,0
D00181,HX-12T,6882,29.6,0,0,0,2,0.164,0
D00182,HX-8T,51358,35.3,0,0,0,3,0.341,0
D00183,HX-8T,33906,38.6,0,0,0,0,0.55,0
D00184,HX-8T,41832,38.1,40,0,1,0,0.364,0
D00185,HX-12T,3270,44.1,0,0,0,0,0.081,0
D00186,HX-12T,34509,36.7,0,0,0,0,0.221,0
D00187,SG-16T,6567,36.2,0,0,0,1,0.415,0
D00188,SG-16T,50688,31.4,0,0,0,0,0.621,0
D00189,SG-16T,1472,40.4,0,0,0,0,0.154,0
D00190,HX-8T,27849,33.8,0,0,0,0,0.265,0
D00191,HX-12T,12453,32.1,0,0,0,0,0.362,0
D00192,SG-16T,41682,34.6,0,0,0,0,0.275,0
D00193,SG-16T,48525,44.7,106,3,5,0,0.437,0
D00194,HX-12T,5818,37.8,0,0,0,0,0.487,0
D00195,SG-16T,30497,39.6,1,0,0,0,0.497,0
D00196,HX-8T,10663,31.6,0,0,0,1,0.256,0
D00197,HX-12T,26496,33.7,0,0,0,0,0.37,0
D00198,HX-8T,8713,42.6,0,0,0,0,0.275,0
D00199,HX-12T,28990,41.8,0,0,0,0,0.029,0
D00200,HX-12T,1355,37.0,0,0,0,0,0.503,0
D00201,HX-12T,25909,40.4,0,0,0,0,0.351,0
D00202,HX-12T,2547,43.5,0,0,0,0,0.0,0
D00203,HX-12T,46850,35.8,0,0,0,0,0.117,1
D00204,HX-12T,16089,34.4,0,0,0,0,0.325,0
D00205,HX-12T,48880,41.5,0,0,0,0,0.228,1
D00206,HX-12T,33663,38.7,0,0,0,0,0.397,0
D00207,HX-8T,1218,36.1,0,0,0,0,0.493,0
D00208,HX-8T,43829,26.9,0,0,0,0,0.075,0
D00209,HX-12T,34648,30.0,0,0,0,7,0.044,0
D00210,HX-8T,27647,33.2,0,0,0,0,0.734,0
D00211,HX-12T,38681,31.5,0,0,0,0,0.248,0
D00212,SG-16T,46478,37.6,0,0,0,0,0.35,0
D00213,SG-16T,19199,36.6,35,0,2,0,0.913,0
D00214,SG-16T,7020,34.5,0,0,0,0,0.35,0
D00215,SG-16T,7864,34.9,0,0,0,0,0.279,0
D00216,HX-8T,12921,45.2,0,0,0,0,0.374,0
D00217,HX-12T,24287,36.4,0,0,0,0,0.305,0
D00218,SG-16T,699,39.5,5,0,0,0,0.475,0
D00219,HX-8T,45338,23.8,5,0,0,0,0.288,0
D00220,HX-8T,7041,36.8,0,0,0,11,0.359,0
D00221,HX-8T,41480,35.7,0,0,0,0,0.376,0
D00222,HX-12T,24748,41.1,0,0,0,0,0.071,0
D00223,SG-16T,18326,34.2,1,0,0,0,0.445,0
D00224,SG-16T,2494,33.5,0,0,0,0,0.567,0
D00225,HX-12T,51765,39.6,0,0,0,0,0.392,1
D00226,HX-12T,28926,29.1,0,0,0,0,0.241,0
D00227,HX-12T,48577,35.4,0,0,0,0,0.377,0
D00228,HX-12T,20632,32.1,0,0,0,0,0.289,0
D00229,HX-12T,43308,40.7,0,0,0,0,0.418,0
D00230,HX-12T,4036,42.5,0,0,0,0,0.394,0
D00231,SG-16T,26763,27.8,0,0,0,0,0.168,0
D00232,SG-16T,37245,34.5,0,0,0,0,0.269,0
D00233,SG-16T,32930,39.1,11,0,0,0,0.677,0
D00234,HX-12T,40205,36.5,0,0,0,0,0.333,0
D00235,HX-8T,18532,33.6,0,15,2,0,0.432,0
D00236,SG-16T,17811,32.9,0,0,0,9,0.312,0
D00237,SG-16T,45502,36.6,0,0,0,0,0.386,0
D00238,HX-12T,7073,28.2,0,0,0,0,0.404,0
D00239,HX-8T,32361,40.1,0,0,0,0,0.31,0
D00240,HX-8T,28852,35.5,1,0,0,0,0.459,0
D00241,HX-12T,28337,32.3,0,0,0,0,0.482,0
D00242,HX-8T,34979,35.9,0,0,0,0,0.569,0
D00243,HX-8T,45878,36.5,0,0,0,0,0.625,0
D00244,HX-12T,39283,37.3,2,0,0,0,0.23,0
D00245,HX-8T,19226,34.1,0,0,0,0,0.303,0
D00246,HX-8T,23350,33.5,0,0,0,0,0.108,0
D00247,HX-12T,26496,39.9,0,0,0,0,0.074,0
D00248,HX-8T,2147,30.5,0,0,0,0,0.311,0
D00249,HX-12T,26071,32.1,0,0,0,0,0.219,0
D00250,HX-8T,46556,32.8,0,0,0,0,0.082,0
D00251,HX-8T,1639,34.2,0,0,0,0,0.289,0
D00252,SG-16T,23912,32.6,0,0,0,0,0.307,0
D00253,SG-16T,36345,37.9,0,0,0,0,0.37,0
D00254,HX-8T,19777,34.9,0,0,0,0,0.441,0
D00255,SG-16T,19508,38.1,0,0,0,0,0.544,0
D00256,SG-16T,12584,39.1,0,0,0,0,0.448,0
D00257,HX-12T,1904,40.5,0,0,0,0,0.366,0
D00258,SG-16T,22329,41.5,0,0,0,0,0.195,0
D00259,HX-8T,24421,34.5,18,14,2,0,0.37,1
D00260,HX-8T,45258,38.1,0,0,0,0,0.391,0
D00261,HX-12T,36691,30.7,0,0,0,0,0.095,0
D00262,HX-8T,30397,42.5,0,0,0,0,0.286,0
D00263,HX-12T,28867,38.0,0,0,0,0,0.25,0
D00264,HX-8T,21216,37.5,0,0,0,0,0.498,0
D00265,HX-8T,27684,33.7,0,0,0,0,0.0,0
D00266,SG-16T,6729,32.2,101,2,0,0,0.619,0
D00267,HX-8T,4936,35.3,0,0,0,2,0.007,0
D00268,SG-16T,12308,35.2,0,0,0,0,0.21,0
D00269,HX-12T,16900,35.6,65,13,0,1,0.68,1
D00270,HX-8T,20946,41.9,0,0,0,0,0.0,0
D00271,SG-16T,882,43.1,42,4,1,0,0.578,0
D00272,HX-8T,6409,36.6,0,0,0,0,0.25,0
D00273,SG-16T,24560,34.5,0,0,0,0,0.247,0
D00274,HX-12T,35609,34.6,0,0,0,0,0.642,0
D00275,SG-16T,47916,37.7,0,0,0,0,0.064,0
D00276,HX-12T,2188,37.3,0,0,0,0,0.134,0
D00277,HX-12T,9909,32.6,2,0,0,0,0.166,0
D00278,SG-16T,5291,41.8,6,0,0,0,0.273,0
D00279,SG-16T,32822,40.1,0,0,0,0,0.153,0
D00280,SG-16T,19708,34.0,0,0,0,0,0.462,0
D00281,HX-12T,11865,31.0,0,0,0,0,0.206,0
D00282,SG-16T,44126,38.2,2,0,0,0,0.003,0
D00283,HX-8T,15637,38.4,1,0,0,0,0.219,0
D00284,HX-12T,30950,29.1,0,0,0,0,0.284,0
D00285,HX-12T,38580,30.8,0,0,0,5,0.481,0
D00286,HX-8T,22969,35.3,0,0,0,0,0.192,0
D00287,HX-12T,38670,39.5,0,0,0,0,0.317,0
D00288,HX-12T,36393,33.6,0,0,0,0,0.241,0
D00289,SG-16T,8682,42.8,0,0,0,0,0.326,0
D00290,HX-12T,26775,33.4,0,0,0,0,0.405,0
D00291,HX-8T,17260,30.3,11,0,0,0,0.746,0
D00292,HX-12T,9985,36.2,0,0,0,0,0.33,0
D00293,HX-8T,19544,29.5,143,0,1,0,0.548,0
D00294,HX-12T,24474,36.3,0,0,0,0,0.397,0
D00295,SG-16T,12478,35.2,0,0,0,0,0.326,0
D00296,HX-12T,7189,31.3,0,0,0,0,0.311,0
D00297,HX-12T,46993,33.0,1,0,0,0,0.698,0
D00298,SG-16T,26956,40.4,0,0,0,0,0.268,0
D00299,HX-12T,27511,37.7,0,0,0,0,0.217,0
