id,rating,text
R001,2,Very disappointed. Battery drains fast and the screen goes blank. Scheduling is not intuitive at all.
R002,4,"The app is slow and crashes when I open the schedule. Worth every penny, it paid for itself."
R003,2,Customer service was useless and rude.
R004,2,"Setup was easy, even for my old furnace. The new app update is confusing and buggy. Temperature readings are accurate. Customer service was useless and rude. Too expensive for what it does."
R005,2,Would not recommend. Waited two weeks for a support reply.
R006,2,"Very disappointed. Setup failed twice and I had to call an electrician. The app is slow and crashes when I open the schedule. Constant wifi disconnects, I have to reboot it weekly. Temperature readings are accurate. Scheduling is simple and saves me money."
R007,4,"Really happy with this thermostat. Setup was easy, even for my old furnace. Constant wifi disconnects, I have to reboot it weekly."
R008,4,Really happy with this thermostat. Installation took ten minutes and the wiring guide was clear.
R009,3,"Five stars from me. The app is slow and crashes when I open the schedule. Worth every penny, it paid for itself."
R010,3,Five stars from me. The app is clean and easy to use. The subscription for basic features is a rip off.
R011,4,"Five stars from me. Setup was easy, even for my old furnace."
R012,1,"Would not recommend. App keeps logging me out, very frustrating."
R013,4,Really happy with this thermostat. The smart schedule learned our routine quickly.
R014,3,"Very disappointed. Installation was a nightmare, the wiring diagram did not match my system. The app is slow and crashes when I open the schedule. Battery lasts for months."
R015,5,Keeps the house at exactly the right temperature. Scheduling is simple and saves me money.
R016,1,"Constant wifi disconnects, I have to reboot it weekly. The temperature reading is off by three degrees. Customer service was useless and rude. Scheduling is simple and saves me money."
R017,1,"Very disappointed. Constant wifi disconnects, I have to reboot it weekly."
R018,1,"Would not recommend. Setup failed twice and I had to call an electrician. Constant wifi disconnects, I have to reboot it weekly. Customer service was useless and rude."
R019,1,"Very disappointed. It is not accurate, the house is always too cold."
R020,5,"Setup was easy, even for my old furnace. Keeps the house at exactly the right temperature. Support replied within an hour and fixed it."
R021,3,The app is clean and easy to use.
R022,3,The app is clean and easy to use.
R023,5,Really happy with this thermostat. It stays connected without problems. Great value for the price.
R024,5,Really happy with this thermostat. It stays connected without problems. Scheduling is simple and saves me money.
R025,4,"Really happy with this thermostat. Setup was easy, even for my old furnace."
R026,2,Very disappointed. The schedule randomly resets.
R027,5,Really happy with this thermostat. Installation took ten minutes and the wiring guide was clear. Keeps the house at exactly the right temperature.
R028,5,Really happy with this thermostat. Temperature readings are accurate.
R029,4,Really happy with this thermostat. The app is clean and easy to use.
R030,4,Five stars from me. Temperature readings are accurate.
R031,3,"Very disappointed. Installation was a nightmare, the wiring diagram did not match my system."
R032,5,Five stars from me. The app is clean and easy to use.
R033,4,Great value for the price.
R034,5,Five stars from me. Installation took ten minutes and the wiring guide was clear.
R035,2,"Really happy with this thermostat. Setup was easy, even for my old furnace. The app is slow and crashes when I open the schedule."
R036,3,The app is clean and easy to use.
R037,5,"Love the app, the energy reports are great. Battery drains fast and the screen goes blank. Temperature readings are accurate. Support replied within an hour and fixed it. Worth every penny, it paid for itself."
R038,1,"Installation was a nightmare, the wiring diagram did not match my system."
R039,3,Very disappointed. Waited two weeks for a support reply.
R040,5,Support replied within an hour and fixed it.
R041,1,"Would not recommend. Installation was a nightmare, the wiring diagram did not match my system. Never stays connected to my router."
R042,4,It drops off wifi every few days and the schedule stops working. Great value for the price. The smart schedule learned our routine quickly.
R043,4,It drops off wifi every few days and the schedule stops working. Great value for the price. The smart schedule learned our routine quickly.
R044,5,Five stars from me. Installation took ten minutes and the wiring guide was clear.
R045,2,Very disappointed. It drops off wifi every few days and the schedule stops working.
R046,3,Really happy with this thermostat. The app is clean and easy to use.
R047,2,The subscription for basic features is a rip off.
R048,3,"Five stars from me. The app is clean and easy to use. Constant wifi disconnects, I have to reboot it weekly. It is not accurate, the house is always too cold. Scheduling is simple and saves me money."
R049,2,"Setup was easy, even for my old furnace. The app is slow and crashes when I open the schedule."
R050,5,"Really happy with this thermostat. Love the app, the energy reports are great. Battery life is excellent."
R051,1,Setup failed twice and I had to call an electrician. The app is slow and crashes when I open the schedule. Waited two weeks for a support reply.
R052,2,The app is clean and easy to use. It drops off wifi every few days and the schedule stops working. Battery drains fast and the screen goes blank.
R053,2,Really happy with this thermostat. The new app update is confusing and buggy. Support replied within an hour and fixed it.
R054,5,"Five stars from me. Love the app, the energy reports are great. It stays connected without problems."
R055,1,Setup failed twice and I had to call an electrician. The new app update is confusing and buggy. Battery life is excellent. Waited two weeks for a support reply.
R056,1,"App keeps logging me out, very frustrating."
R057,2,Would not recommend. It drops off wifi every few days and the schedule stops working.
R058,3,Really happy with this thermostat. Setup failed twice and I had to call an electrician. Scheduling is simple and saves me money.
R059,5,Five stars from me. Battery lasts for months.
R060,3,"Setup was easy, even for my old furnace. It drops off wifi every few days and the schedule stops working."
R061,4,Never stays connected to my router. The smart schedule learned our routine quickly.
R062,1,Too expensive for what it does.
R063,5,Really happy with this thermostat. Scheduling is simple and saves me money.
R064,2,Would not recommend. Scheduling is not intuitive at all.
R065,2,"Very disappointed. App keeps logging me out, very frustrating."
R066,4,"Really happy with this thermostat. Setup was easy, even for my old furnace. App keeps logging me out, very frustrating. Scheduling is simple and saves me money."
R067,1,"Very disappointed. Installation was a nightmare, the wiring diagram did not match my system."
R068,4,Very disappointed. Too expensive for what it does.
R069,2,"Very disappointed. App keeps logging me out, very frustrating."
R070,5,Really happy with this thermostat. The app is clean and easy to use. Wifi connection has been solid. Waited two weeks for a support reply.
R071,5,"Five stars from me. Setup was easy, even for my old furnace."
R072,3,"App keeps logging me out, very frustrating. Wifi connection has been solid."
R073,1,The new app update is confusing and buggy. Support never answered my ticket. The subscription for basic features is a rip off.
R074,4,Really happy with this thermostat. Scheduling is simple and saves me money.
R075,2,Very disappointed. It drops off wifi every few days and the schedule stops working.
R076,2,Would not recommend. Setup failed twice and I had to call an electrician.
R077,3,Temperature readings are accurate. Customer service was useless and rude.
R078,4,"Five stars from me. Love the app, the energy reports are great. Constant wifi disconnects, I have to reboot it weekly. Customer service was helpful and friendly."
R079,1,Would not recommend. The battery dies in three weeks.
R080,2,Five stars from me. Battery life is excellent. The subscription for basic features is a rip off.
R081,4,Five stars from me. Scheduling is simple and saves me money.
R082,2,"Would not recommend. Installation was a nightmare, the wiring diagram did not match my system. Never stays connected to my router."
R083,5,Really happy with this thermostat. Customer service was helpful and friendly.
R084,5,Really happy with this thermostat. The app is clean and easy to use. Battery lasts for months.
R085,5,Installation took ten minutes and the wiring guide was clear. The battery dies in three weeks. Temperature readings are accurate. Scheduling is simple and saves me money.
R086,4,Really happy with this thermostat. Temperature readings are accurate.
R087,1,Would not recommend. The new app update is confusing and buggy.
R088,1,"Setup was easy, even for my old furnace. Constant wifi disconnects, I have to reboot it weekly. The battery dies in three weeks."
R089,1,Would not recommend. Battery drains fast and the screen goes blank. Waited two weeks for a support reply.
R090,2,Very disappointed. Customer service was helpful and friendly. The subscription for basic features is a rip off. Scheduling is not intuitive at all.
R091,3,"Love the app, the energy reports are great. Battery life is excellent. Waited two weeks for a support reply."
R092,5,Really happy with this thermostat. It stays connected without problems.
R093,3,Would not recommend. The app is slow and crashes when I open the schedule.
R094,1,"App keeps logging me out, very frustrating. Constant wifi disconnects, I have to reboot it weekly. The subscription for basic features is a rip off."
R095,1,Would not recommend. The new app update is confusing and buggy.
R096,3,"It drops off wifi every few days and the schedule stops working. Worth every penny, it paid for itself."
R097,1,It drops off wifi every few days and the schedule stops working.
R098,5,"Really happy with this thermostat. Setup was easy, even for my old furnace. Battery life is excellent. Keeps the house at exactly the right temperature."
R099,4,Five stars from me. Setup failed twice and I had to call an electrician. Keeps the house at exactly the right temperature. Support replied within an hour and fixed it.
R100,5,Really happy with this thermostat. The app is clean and easy to use.
R101,4,Really happy with this thermostat. Setup failed twice and I had to call an electrician. Great value for the price.
R102,4,Really happy with this thermostat. Installation took ten minutes and the wiring guide was clear. It drops off wifi every few days and the schedule stops working. Temperature readings are accurate.
R103,1,"Would not recommend. Constant wifi disconnects, I have to reboot it weekly."
R104,3,Very disappointed. The new app update is confusing and buggy.
R105,1,"Would not recommend. Setup was easy, even for my old furnace. App keeps logging me out, very frustrating. Waited two weeks for a support reply. The subscription for basic features is a rip off."
R106,4,Keeps the house at exactly the right temperature.
R107,2,Installation took ten minutes and the wiring guide was clear. Never stays connected to my router. The temperature reading is off by three degrees.
R108,4,Customer service was helpful and friendly.
R109,5,Five stars from me. Keeps the house at exactly the right temperature.
R110,2,"Very disappointed. Constant wifi disconnects, I have to reboot it weekly."
R111,1,Would not recommend. It drops off wifi every few days and the schedule stops working. Scheduling is not intuitive at all.
R112,5,"Really happy with this thermostat. Setup was easy, even for my old furnace. The app is clean and easy to use."
R113,2,"Would not recommend. Installation was a nightmare, the wiring diagram did not match my system."
R114,5,"Really happy with this thermostat. Setup was easy, even for my old furnace."
R115,4,The app is clean and easy to use. Never stays connected to my router. Scheduling is simple and saves me money.
R116,5,Really happy with this thermostat. Support replied within an hour and fixed it.
R117,4,Five stars from me. Scheduling is simple and saves me money.
R118,3,Really happy with this thermostat. Battery lasts for months. Support never answered my ticket.
R119,5,Really happy with this thermostat. It stays connected without problems.
R120,4,"The app is clean and easy to use. It is not accurate, the house is always too cold."
R121,1,Very disappointed. Customer service was useless and rude.
R122,1,Would not recommend. Setup failed twice and I had to call an electrician.
R123,5,"Setup was easy, even for my old furnace. The app is clean and easy to use. Customer service was helpful and friendly."
R124,4,Really happy with this thermostat. Never stays connected to my router. Support replied within an hour and fixed it.
R125,1,"The app is slow and crashes when I open the schedule. Constant wifi disconnects, I have to reboot it weekly."
R126,2,"Really happy with this thermostat. The app is clean and easy to use. Constant wifi disconnects, I have to reboot it weekly. Worth every penny, it paid for itself. Scheduling is not intuitive at all."
R127,1,Very disappointed. It drops off wifi every few days and the schedule stops working.
R128,5,"Setup was easy, even for my old furnace."
R129,2,Would not recommend. The new app update is confusing and buggy.
R130,2,It drops off wifi every few days and the schedule stops working.
R131,1,Setup failed twice and I had to call an electrician. Battery drains fast and the screen goes blank.
R132,3,Really happy with this thermostat. The app is clean and easy to use. The temperature reading is off by three degrees.
R133,2,Very disappointed. Setup failed twice and I had to call an electrician.
R134,5,Really happy with this thermostat. The smart schedule learned our routine quickly.
R135,5,Really happy with this thermostat. Keeps the house at exactly the right temperature.
R136,5,"Five stars from me. Love the app, the energy reports are great."
R137,5,"Setup was easy, even for my old furnace. Love the app, the energy reports are great. The temperature reading is off by three degrees."
R138,5,Really happy with this thermostat. Keeps the house at exactly the right temperature. The smart schedule learned our routine quickly.
R139,1,The app is slow and crashes when I open the schedule. Scheduling is not intuitive at all.
R140,1,Very disappointed. The app is slow and crashes when I open the schedule.
R141,3,It drops off wifi every few days and the schedule stops working. Battery life is excellent.
R142,2,The subscription for basic features is a rip off. Scheduling is simple and saves me money.
R143,4,Temperature readings are accurate.
R144,4,Five stars from me. The smart schedule learned our routine quickly.
R145,1,Would not recommend. Setup failed twice and I had to call an electrician. The app is slow and crashes when I open the schedule.
R146,1,"Very disappointed. Love the app, the energy reports are great. Never stays connected to my router. Support never answered my ticket."
R147,4,Five stars from me. Great value for the price.
R148,3,Very disappointed. It drops off wifi every few days and the schedule stops working.
R149,5,It stays connected without problems. Great value for the price.
R150,5,"Really happy with this thermostat. Battery lasts for months. Worth every penny, it paid for itself."
R151,3,"Love the app, the energy reports are great. It drops off wifi every few days and the schedule stops working."
R152,2,Would not recommend. Never stays connected to my router.
R153,5,Really happy with this thermostat. It stays connected without problems. Scheduling is simple and saves me money.
R154,3,Keeps the house at exactly the right temperature.
R155,1,"Installation took ten minutes and the wiring guide was clear. Constant wifi disconnects, I have to reboot it weekly. The temperature reading is off by three degrees. The schedule randomly resets."
R156,5,Five stars from me. Wifi connection has been solid. Customer service was helpful and friendly.
R157,1,Setup failed twice and I had to call an electrician. The app is slow and crashes when I open the schedule. It drops off wifi every few days and the schedule stops working. Support never answered my ticket.
R158,4,The app is clean and easy to use.
R159,1,Would not recommend. The new app update is confusing and buggy. Never stays connected to my router. Support replied within an hour and fixed it. The schedule randomly resets.
R160,3,Five stars from me. The app is clean and easy to use.
R161,5,Five stars from me. It stays connected without problems. Scheduling is simple and saves me money.
R162,5,Really happy with this thermostat. Installation took ten minutes and the wiring guide was clear. The app is clean and easy to use. It drops off wifi every few days and the schedule stops working. Temperature readings are accurate.
R163,2,The battery dies in three weeks.
R164,5,Five stars from me. Customer service was helpful and friendly.
R165,5,"Really happy with this thermostat. Love the app, the energy reports are great. Keeps the house at exactly the right temperature."
R166,5,"Really happy with this thermostat. The app is clean and easy to use. Constant wifi disconnects, I have to reboot it weekly. Battery lasts for months. Customer service was helpful and friendly."
R167,4,Really happy with this thermostat. Customer service was helpful and friendly.
R168,2,Would not recommend. The subscription for basic features is a rip off.
R169,2,"Installation was a nightmare, the wiring diagram did not match my system."
R170,4,Support replied within an hour and fixed it.
R171,4,"Five stars from me. Setup was easy, even for my old furnace."
R172,1,"Would not recommend. Setup failed twice and I had to call an electrician. It is not accurate, the house is always too cold."
R173,3,The app is clean and easy to use. Never stays connected to my router. Battery lasts for months. Keeps the house at exactly the right temperature. Customer service was useless and rude.
R174,1,Very disappointed. Waited two weeks for a support reply.
R175,4,Really happy with this thermostat. Installation took ten minutes and the wiring guide was clear.
R176,3,"The new app update is confusing and buggy. Worth every penny, it paid for itself."
R177,1,Very disappointed. Battery drains fast and the screen goes blank.
R178,4,Really happy with this thermostat. Scheduling is simple and saves me money.
R179,1,"Very disappointed. App keeps logging me out, very frustrating. Never stays connected to my router."
R180,5,The smart schedule learned our routine quickly.
