sku,week,units
SKU-STRETCH-WRAP,1,221
SKU-STRETCH-WRAP,2,230
SKU-STRETCH-WRAP,3,285
SKU-STRETCH-WRAP,4,223
SKU-STRETCH-WRAP,5,290
SKU-STRETCH-WRAP,6,253
SKU-STRETCH-WRAP,7,353
SKU-STRETCH-WRAP,8,348
SKU-STRETCH-WRAP,9,396
SKU-STRETCH-WRAP,10,368
SKU-STRETCH-WRAP,11,410
SKU-STRETCH-WRAP,12,412
SKU-STRETCH-WRAP,13,420
SKU-STRETCH-WRAP,14,460
SKU-STRETCH-WRAP,15,443
SKU-STRETCH-WRAP,16,482
SKU-STRETCH-WRAP,17,524
SKU-STRETCH-WRAP,18,521
SKU-STRETCH-WRAP,19,521
SKU-STRETCH-WRAP,20,596
SKU-STRETCH-WRAP,21,551
SKU-STRETCH-WRAP,22,541
SKU-STRETCH-WRAP,23,563
SKU-STRETCH-WRAP,24,547
SKU-STRETCH-WRAP,25,549
SKU-STRETCH-WRAP,26,547
SKU-STRETCH-WRAP,27,600
SKU-STRETCH-WRAP,28,542
SKU-STRETCH-WRAP,29,536
SKU-STRETCH-WRAP,30,537
SKU-STRETCH-WRAP,31,557
SKU-STRETCH-WRAP,32,485
SKU-STRETCH-WRAP,33,459
SKU-STRETCH-WRAP,34,519
SKU-STRETCH-WRAP,35,402
SKU-STRETCH-WRAP,36,410
SKU-STRETCH-WRAP,37,417
SKU-STRETCH-WRAP,38,438
SKU-STRETCH-WRAP,39,338
SKU-STRETCH-WRAP,40,283
SKU-STRETCH-WRAP,41,342
SKU-STRETCH-WRAP,42,296
SKU-STRETCH-WRAP,43,284
SKU-STRETCH-WRAP,44,292
SKU-STRETCH-WRAP,45,274
SKU-STRETCH-WRAP,46,266
SKU-STRETCH-WRAP,47,240
SKU-STRETCH-WRAP,48,277
SKU-STRETCH-WRAP,49,279
SKU-STRETCH-WRAP,50,241
SKU-STRETCH-WRAP,51,230
SKU-STRETCH-WRAP,52,263
SKU-STRETCH-WRAP,53,262
SKU-STRETCH-WRAP,54,232
SKU-STRETCH-WRAP,55,257
SKU-STRETCH-WRAP,56,306
SKU-STRETCH-WRAP,57,291
SKU-STRETCH-WRAP,58,301
SKU-STRETCH-WRAP,59,331
SKU-STRETCH-WRAP,60,342
SKU-STRETCH-WRAP,61,362
SKU-STRETCH-WRAP,62,332
SKU-STRETCH-WRAP,63,444
SKU-STRETCH-WRAP,64,424
SKU-STRETCH-WRAP,65,416
SKU-STRETCH-WRAP,66,481
SKU-STRETCH-WRAP,67,482
SKU-STRETCH-WRAP,68,491
SKU-STRETCH-WRAP,69,532
SKU-STRETCH-WRAP,70,576
SKU-STRETCH-WRAP,71,546
SKU-STRETCH-WRAP,72,581
SKU-STRETCH-WRAP,73,604
SKU-STRETCH-WRAP,74,530
SKU-STRETCH-WRAP,75,546
SKU-STRETCH-WRAP,76,579
SKU-STRETCH-WRAP,77,516
SKU-STRETCH-WRAP,78,549
SKU-STRETCH-WRAP,79,582
SKU-STRETCH-WRAP,80,568
SKU-STRETCH-WRAP,81,546
SKU-STRETCH-WRAP,82,472
SKU-STRETCH-WRAP,83,565
SKU-STRETCH-WRAP,84,505
SKU-STRETCH-WRAP,85,494
SKU-STRETCH-WRAP,86,469
SKU-STRETCH-WRAP,87,395
SKU-STRETCH-WRAP,88,383
SKU-STRETCH-WRAP,89,370
SKU-STRETCH-WRAP,90,429
SKU-STRETCH-WRAP,91,341
SKU-STRETCH-WRAP,92,337
SKU-STRETCH-WRAP,93,319
SKU-STRETCH-WRAP,94,323
SKU-STRETCH-WRAP,95,306
SKU-STRETCH-WRAP,96,287
SKU-STRETCH-WRAP,97,237
SKU-STRETCH-WRAP,98,180
SKU-STRETCH-WRAP,99,255
SKU-STRETCH-WRAP,100,251
SKU-STRETCH-WRAP,101,272
SKU-STRETCH-WRAP,102,237
SKU-STRETCH-WRAP,103,226
SKU-STRETCH-WRAP,104,255
SKU-STRETCH-WRAP,105,212
SKU-STRETCH-WRAP,106,232
SKU-STRETCH-WRAP,107,243
SKU-STRETCH-WRAP,108,287
SKU-STRETCH-WRAP,109,346
SKU-STRETCH-WRAP,110,328
SKU-STRETCH-WRAP,111,354
SKU-STRETCH-WRAP,112,349
SKU-STRETCH-WRAP,113,369
SKU-STRETCH-WRAP,114,369
SKU-STRETCH-WRAP,115,393
SKU-STRETCH-WRAP,116,359
SKU-STRETCH-WRAP,117,408
SKU-STRETCH-WRAP,118,425
SKU-STRETCH-WRAP,119,495
SKU-STRETCH-WRAP,120,507
SKU-STRETCH-WRAP,121,535
SKU-STRETCH-WRAP,122,559
SKU-STRETCH-WRAP,123,524
SKU-STRETCH-WRAP,124,568
SKU-STRETCH-WRAP,125,598
SKU-STRETCH-WRAP,126,555
SKU-STRETCH-WRAP,127,586
SKU-STRETCH-WRAP,128,556
SKU-STRETCH-WRAP,129,519
SKU-STRETCH-WRAP,130,558
SKU-STRETCH-WRAP,131,529
SKU-STRETCH-WRAP,132,544
SKU-STRETCH-WRAP,133,520
SKU-STRETCH-WRAP,134,528
SKU-STRETCH-WRAP,135,453
SKU-STRETCH-WRAP,136,543
SKU-STRETCH-WRAP,137,508
SKU-STRETCH-WRAP,138,448
SKU-STRETCH-WRAP,139,416
SKU-STRETCH-WRAP,140,419
SKU-STRETCH-WRAP,141,417
SKU-STRETCH-WRAP,142,391
SKU-STRETCH-WRAP,143,372
SKU-STRETCH-WRAP,144,294
SKU-STRETCH-WRAP,145,297
SKU-STRETCH-WRAP,146,343
SKU-STRETCH-WRAP,147,300
SKU-STRETCH-WRAP,148,242
SKU-STRETCH-WRAP,149,247
SKU-STRETCH-WRAP,150,222
SKU-STRETCH-WRAP,151,225
SKU-STRETCH-WRAP,152,274
SKU-STRETCH-WRAP,153,236
SKU-STRETCH-WRAP,154,268
SKU-STRETCH-WRAP,155,246
SKU-STRETCH-WRAP,156,207
SKU-STRETCH-WRAP,157,234
SKU-STRETCH-WRAP,158,316
SKU-STRETCH-WRAP,159,249
SKU-STRETCH-WRAP,160,254
SKU-STRETCH-WRAP,161,325
SKU-STRETCH-WRAP,162,311
SKU-STRETCH-WRAP,163,325
SKU-STRETCH-WRAP,164,381
SKU-STRETCH-WRAP,165,317
SKU-STRETCH-WRAP,166,391
SKU-STRETCH-WRAP,167,373
SKU-STRETCH-WRAP,168,384
SKU-STRETCH-WRAP,169,418
SKU-STRETCH-WRAP,170,486
SKU-STRETCH-WRAP,171,471
SKU-STRETCH-WRAP,172,444
SKU-STRETCH-WRAP,173,478
SKU-STRETCH-WRAP,174,559
SKU-STRETCH-WRAP,175,558
SKU-STRETCH-WRAP,176,514
SKU-STRETCH-WRAP,177,612
SKU-STRETCH-WRAP,178,546
SKU-STRETCH-WRAP,179,528
SKU-STRETCH-WRAP,180,557
SKU-STRETCH-WRAP,181,583
SKU-STRETCH-WRAP,182,596
SKU-STRETCH-WRAP,183,576
SKU-STRETCH-WRAP,184,531
SKU-STRETCH-WRAP,185,517
SKU-STRETCH-WRAP,186,483
SKU-STRETCH-WRAP,187,504
SKU-STRETCH-WRAP,188,476
SKU-STRETCH-WRAP,189,481
SKU-STRETCH-WRAP,190,424
SKU-STRETCH-WRAP,191,425
SKU-STRETCH-WRAP,192,397
SKU-STRETCH-WRAP,193,369
SKU-STRETCH-WRAP,194,350
SKU-STRETCH-WRAP,195,336
SKU-STRETCH-WRAP,196,313
SKU-STRETCH-WRAP,197,340
SKU-STRETCH-WRAP,198,312
SKU-STRETCH-WRAP,199,260
SKU-STRETCH-WRAP,200,293
SKU-STRETCH-WRAP,201,276
SKU-STRETCH-WRAP,202,296
SKU-STRETCH-WRAP,203,245
SKU-STRETCH-WRAP,204,239
SKU-STRETCH-WRAP,205,224
SKU-STRETCH-WRAP,206,243
SKU-STRETCH-WRAP,207,254
SKU-STRETCH-WRAP,208,249
SKU-LABEL-4X6,1,215
SKU-LABEL-4X6,2,233
SKU-LABEL-4X6,3,226
SKU-LABEL-4X6,4,231
SKU-LABEL-4X6,5,212
SKU-LABEL-4X6,6,235
SKU-LABEL-4X6,7,215
SKU-LABEL-4X6,8,220
SKU-LABEL-4X6,9,241
SKU-LABEL-4X6,10,279
SKU-LABEL-4X6,11,260
SKU-LABEL-4X6,12,244
SKU-LABEL-4X6,13,243
SKU-LABEL-4X6,14,267
SKU-LABEL-4X6,15,276
SKU-LABEL-4X6,16,275
SKU-LABEL-4X6,17,252
SKU-LABEL-4X6,18,261
SKU-LABEL-4X6,19,254
SKU-LABEL-4X6,20,257
SKU-LABEL-4X6,21,248
SKU-LABEL-4X6,22,262
SKU-LABEL-4X6,23,229
SKU-LABEL-4X6,24,249
SKU-LABEL-4X6,25,281
SKU-LABEL-4X6,26,258
SKU-LABEL-4X6,27,287
SKU-LABEL-4X6,28,256
SKU-LABEL-4X6,29,275
SKU-LABEL-4X6,30,291
SKU-LABEL-4X6,31,267
SKU-LABEL-4X6,32,275
SKU-LABEL-4X6,33,336
SKU-LABEL-4X6,34,280
SKU-LABEL-4X6,35,282
SKU-LABEL-4X6,36,286
SKU-LABEL-4X6,37,300
SKU-LABEL-4X6,38,301
SKU-LABEL-4X6,39,322
SKU-LABEL-4X6,40,320
SKU-LABEL-4X6,41,301
SKU-LABEL-4X6,42,304
SKU-LABEL-4X6,43,286
SKU-LABEL-4X6,44,287
SKU-LABEL-4X6,45,303
SKU-LABEL-4X6,46,332
SKU-LABEL-4X6,47,323
SKU-LABEL-4X6,48,338
SKU-LABEL-4X6,49,343
SKU-LABEL-4X6,50,325
SKU-LABEL-4X6,51,369
SKU-LABEL-4X6,52,323
SKU-LABEL-4X6,53,323
SKU-LABEL-4X6,54,329
SKU-LABEL-4X6,55,360
SKU-LABEL-4X6,56,338
SKU-LABEL-4X6,57,330
SKU-LABEL-4X6,58,353
SKU-LABEL-4X6,59,368
SKU-LABEL-4X6,60,348
SKU-LABEL-4X6,61,347
SKU-LABEL-4X6,62,374
SKU-LABEL-4X6,63,374
SKU-LABEL-4X6,64,376
SKU-LABEL-4X6,65,347
SKU-LABEL-4X6,66,368
SKU-LABEL-4X6,67,372
SKU-LABEL-4X6,68,334
SKU-LABEL-4X6,69,392
SKU-LABEL-4X6,70,374
SKU-LABEL-4X6,71,368
SKU-LABEL-4X6,72,418
SKU-LABEL-4X6,73,381
SKU-LABEL-4X6,74,367
SKU-LABEL-4X6,75,382
SKU-LABEL-4X6,76,395
SKU-LABEL-4X6,77,402
SKU-LABEL-4X6,78,388
SKU-LABEL-4X6,79,376
SKU-LABEL-4X6,80,381
SKU-LABEL-4X6,81,381
SKU-LABEL-4X6,82,379
SKU-LABEL-4X6,83,400
SKU-LABEL-4X6,84,394
SKU-LABEL-4X6,85,406
SKU-LABEL-4X6,86,392
SKU-LABEL-4X6,87,393
SKU-LABEL-4X6,88,408
SKU-LABEL-4X6,89,407
SKU-LABEL-4X6,90,437
SKU-LABEL-4X6,91,401
SKU-LABEL-4X6,92,424
SKU-LABEL-4X6,93,422
SKU-LABEL-4X6,94,401
SKU-LABEL-4X6,95,440
SKU-LABEL-4X6,96,432
SKU-LABEL-4X6,97,393
SKU-LABEL-4X6,98,444
SKU-LABEL-4X6,99,453
SKU-LABEL-4X6,100,423
SKU-LABEL-4X6,101,471
SKU-LABEL-4X6,102,445
SKU-LABEL-4X6,103,423
SKU-LABEL-4X6,104,457
SKU-LABEL-4X6,105,442
SKU-LABEL-4X6,106,426
SKU-LABEL-4X6,107,414
SKU-LABEL-4X6,108,460
SKU-LABEL-4X6,109,444
SKU-LABEL-4X6,110,472
SKU-LABEL-4X6,111,469
SKU-LABEL-4X6,112,455
SKU-LABEL-4X6,113,457
SKU-LABEL-4X6,114,501
SKU-LABEL-4X6,115,502
SKU-LABEL-4X6,116,487
SKU-LABEL-4X6,117,469
SKU-LABEL-4X6,118,459
SKU-LABEL-4X6,119,472
SKU-LABEL-4X6,120,512
SKU-LABEL-4X6,121,492
SKU-LABEL-4X6,122,481
SKU-LABEL-4X6,123,466
SKU-LABEL-4X6,124,494
SKU-LABEL-4X6,125,477
SKU-LABEL-4X6,126,495
SKU-LABEL-4X6,127,511
SKU-LABEL-4X6,128,519
SKU-LABEL-4X6,129,504
SKU-LABEL-4X6,130,498
SKU-LABEL-4X6,131,510
SKU-LABEL-4X6,132,541
SKU-LABEL-4X6,133,517
SKU-LABEL-4X6,134,487
SKU-LABEL-4X6,135,543
SKU-LABEL-4X6,136,522
SKU-LABEL-4X6,137,583
SKU-LABEL-4X6,138,513
SKU-LABEL-4X6,139,522
SKU-LABEL-4X6,140,520
SKU-LABEL-4X6,141,535
SKU-LABEL-4X6,142,520
SKU-LABEL-4X6,143,505
SKU-LABEL-4X6,144,499
SKU-LABEL-4X6,145,535
SKU-LABEL-4X6,146,530
SKU-LABEL-4X6,147,531
SKU-LABEL-4X6,148,582
SKU-LABEL-4X6,149,560
SKU-LABEL-4X6,150,568
SKU-LABEL-4X6,151,541
SKU-LABEL-4X6,152,558
SKU-LABEL-4X6,153,551
SKU-LABEL-4X6,154,553
SKU-LABEL-4X6,155,572
SKU-LABEL-4X6,156,572
SKU-LABEL-4X6,157,569
SKU-LABEL-4X6,158,568
SKU-LABEL-4X6,159,541
SKU-LABEL-4X6,160,556
SKU-LABEL-4X6,161,579
SKU-LABEL-4X6,162,568
SKU-LABEL-4X6,163,562
SKU-LABEL-4X6,164,585
SKU-LABEL-4X6,165,564
SKU-LABEL-4X6,166,571
SKU-LABEL-4X6,167,601
SKU-LABEL-4X6,168,581
SKU-LABEL-4X6,169,616
SKU-LABEL-4X6,170,601
SKU-LABEL-4X6,171,609
SKU-LABEL-4X6,172,617
SKU-LABEL-4X6,173,559
SKU-LABEL-4X6,174,599
SKU-LABEL-4X6,175,579
SKU-LABEL-4X6,176,597
SKU-LABEL-4X6,177,605
SKU-LABEL-4X6,178,632
SKU-LABEL-4X6,179,611
SKU-LABEL-4X6,180,644
SKU-LABEL-4X6,181,606
SKU-LABEL-4X6,182,617
SKU-LABEL-4X6,183,622
SKU-LABEL-4X6,184,640
SKU-LABEL-4X6,185,624
SKU-LABEL-4X6,186,616
SKU-LABEL-4X6,187,623
SKU-LABEL-4X6,188,606
SKU-LABEL-4X6,189,657
SKU-LABEL-4X6,190,649
SKU-LABEL-4X6,191,646
SKU-LABEL-4X6,192,645
SKU-LABEL-4X6,193,631
SKU-LABEL-4X6,194,637
SKU-LABEL-4X6,195,662
SKU-LABEL-4X6,196,635
SKU-LABEL-4X6,197,637
SKU-LABEL-4X6,198,682
SKU-LABEL-4X6,199,684
SKU-LABEL-4X6,200,663
SKU-LABEL-4X6,201,670
SKU-LABEL-4X6,202,666
SKU-LABEL-4X6,203,690
SKU-LABEL-4X6,204,659
SKU-LABEL-4X6,205,670
SKU-LABEL-4X6,206,680
SKU-LABEL-4X6,207,699
SKU-LABEL-4X6,208,671
SKU-GLOVES-L,1,153
SKU-GLOVES-L,2,144
SKU-GLOVES-L,3,142
SKU-GLOVES-L,4,142
SKU-GLOVES-L,5,151
SKU-GLOVES-L,6,161
SKU-GLOVES-L,7,142
SKU-GLOVES-L,8,143
SKU-GLOVES-L,9,145
SKU-GLOVES-L,10,154
SKU-GLOVES-L,11,158
SKU-GLOVES-L,12,135
SKU-GLOVES-L,13,154
SKU-GLOVES-L,14,138
SKU-GLOVES-L,15,159
SKU-GLOVES-L,16,138
SKU-GLOVES-L,17,137
SKU-GLOVES-L,18,141
SKU-GLOVES-L,19,149
SKU-GLOVES-L,20,138
SKU-GLOVES-L,21,153
SKU-GLOVES-L,22,152
SKU-GLOVES-L,23,151
SKU-GLOVES-L,24,153
SKU-GLOVES-L,25,161
SKU-GLOVES-L,26,141
SKU-GLOVES-L,27,150
SKU-GLOVES-L,28,150
SKU-GLOVES-L,29,125
SKU-GLOVES-L,30,155
SKU-GLOVES-L,31,141
SKU-GLOVES-L,32,141
SKU-GLOVES-L,33,145
SKU-GLOVES-L,34,151
SKU-GLOVES-L,35,154
SKU-GLOVES-L,36,156
SKU-GLOVES-L,37,142
SKU-GLOVES-L,38,158
SKU-GLOVES-L,39,155
SKU-GLOVES-L,40,145
SKU-GLOVES-L,41,150
SKU-GLOVES-L,42,160
SKU-GLOVES-L,43,155
SKU-GLOVES-L,44,158
SKU-GLOVES-L,45,151
SKU-GLOVES-L,46,164
SKU-GLOVES-L,47,177
SKU-GLOVES-L,48,155
SKU-GLOVES-L,49,131
SKU-GLOVES-L,50,171
SKU-GLOVES-L,51,143
SKU-GLOVES-L,52,133
SKU-GLOVES-L,53,122
SKU-GLOVES-L,54,155
SKU-GLOVES-L,55,163
SKU-GLOVES-L,56,162
SKU-GLOVES-L,57,145
SKU-GLOVES-L,58,167
SKU-GLOVES-L,59,149
SKU-GLOVES-L,60,143
SKU-GLOVES-L,61,151
SKU-GLOVES-L,62,153
SKU-GLOVES-L,63,151
SKU-GLOVES-L,64,155
SKU-GLOVES-L,65,124
SKU-GLOVES-L,66,169
SKU-GLOVES-L,67,143
SKU-GLOVES-L,68,158
SKU-GLOVES-L,69,140
SKU-GLOVES-L,70,152
SKU-GLOVES-L,71,148
SKU-GLOVES-L,72,131
SKU-GLOVES-L,73,155
SKU-GLOVES-L,74,158
SKU-GLOVES-L,75,137
SKU-GLOVES-L,76,125
SKU-GLOVES-L,77,142
SKU-GLOVES-L,78,140
SKU-GLOVES-L,79,151
SKU-GLOVES-L,80,150
SKU-GLOVES-L,81,169
SKU-GLOVES-L,82,158
SKU-GLOVES-L,83,147
SKU-GLOVES-L,84,152
SKU-GLOVES-L,85,115
SKU-GLOVES-L,86,139
SKU-GLOVES-L,87,139
SKU-GLOVES-L,88,149
SKU-GLOVES-L,89,154
SKU-GLOVES-L,90,153
SKU-GLOVES-L,91,161
SKU-GLOVES-L,92,142
SKU-GLOVES-L,93,154
SKU-GLOVES-L,94,148
SKU-GLOVES-L,95,150
SKU-GLOVES-L,96,154
SKU-GLOVES-L,97,147
SKU-GLOVES-L,98,153
SKU-GLOVES-L,99,150
SKU-GLOVES-L,100,162
SKU-GLOVES-L,101,149
SKU-GLOVES-L,102,154
SKU-GLOVES-L,103,181
SKU-GLOVES-L,104,157
SKU-GLOVES-L,105,156
SKU-GLOVES-L,106,163
SKU-GLOVES-L,107,138
SKU-GLOVES-L,108,159
SKU-GLOVES-L,109,159
SKU-GLOVES-L,110,155
SKU-GLOVES-L,111,162
SKU-GLOVES-L,112,159
SKU-GLOVES-L,113,164
SKU-GLOVES-L,114,142
SKU-GLOVES-L,115,155
SKU-GLOVES-L,116,143
SKU-GLOVES-L,117,165
SKU-GLOVES-L,118,152
SKU-GLOVES-L,119,134
SKU-GLOVES-L,120,151
SKU-GLOVES-L,121,138
SKU-GLOVES-L,122,162
SKU-GLOVES-L,123,146
SKU-GLOVES-L,124,124
SKU-GLOVES-L,125,145
SKU-GLOVES-L,126,162
SKU-GLOVES-L,127,154
SKU-GLOVES-L,128,142
SKU-GLOVES-L,129,158
SKU-GLOVES-L,130,157
SKU-GLOVES-L,131,168
SKU-GLOVES-L,132,161
SKU-GLOVES-L,133,154
SKU-GLOVES-L,134,141
SKU-GLOVES-L,135,153
SKU-GLOVES-L,136,154
SKU-GLOVES-L,137,150
SKU-GLOVES-L,138,155
SKU-GLOVES-L,139,136
SKU-GLOVES-L,140,157
SKU-GLOVES-L,141,150
SKU-GLOVES-L,142,154
SKU-GLOVES-L,143,149
SKU-GLOVES-L,144,146
SKU-GLOVES-L,145,153
SKU-GLOVES-L,146,159
SKU-GLOVES-L,147,146
SKU-GLOVES-L,148,154
SKU-GLOVES-L,149,141
SKU-GLOVES-L,150,155
SKU-GLOVES-L,151,150
SKU-GLOVES-L,152,135
SKU-GLOVES-L,153,164
SKU-GLOVES-L,154,139
SKU-GLOVES-L,155,151
SKU-GLOVES-L,156,134
SKU-GLOVES-L,157,129
SKU-GLOVES-L,158,158
SKU-GLOVES-L,159,133
SKU-GLOVES-L,160,125
SKU-GLOVES-L,161,147
SKU-GLOVES-L,162,132
SKU-GLOVES-L,163,148
SKU-GLOVES-L,164,172
SKU-GLOVES-L,165,145
SKU-GLOVES-L,166,154
SKU-GLOVES-L,167,157
SKU-GLOVES-L,168,153
SKU-GLOVES-L,169,149
SKU-GLOVES-L,170,168
SKU-GLOVES-L,171,149
SKU-GLOVES-L,172,154
SKU-GLOVES-L,173,151
SKU-GLOVES-L,174,135
SKU-GLOVES-L,175,154
SKU-GLOVES-L,176,151
SKU-GLOVES-L,177,158
SKU-GLOVES-L,178,158
SKU-GLOVES-L,179,169
SKU-GLOVES-L,180,127
SKU-GLOVES-L,181,143
SKU-GLOVES-L,182,144
SKU-GLOVES-L,183,140
SKU-GLOVES-L,184,155
SKU-GLOVES-L,185,149
SKU-GLOVES-L,186,152
SKU-GLOVES-L,187,131
SKU-GLOVES-L,188,139
SKU-GLOVES-L,189,149
SKU-GLOVES-L,190,145
SKU-GLOVES-L,191,143
SKU-GLOVES-L,192,149
SKU-GLOVES-L,193,147
SKU-GLOVES-L,194,137
SKU-GLOVES-L,195,170
SKU-GLOVES-L,196,142
SKU-GLOVES-L,197,158
SKU-GLOVES-L,198,157
SKU-GLOVES-L,199,161
SKU-GLOVES-L,200,143
SKU-GLOVES-L,201,138
SKU-GLOVES-L,202,155
SKU-GLOVES-L,203,153
SKU-GLOVES-L,204,122
SKU-GLOVES-L,205,119
SKU-GLOVES-L,206,144
SKU-GLOVES-L,207,145
SKU-GLOVES-L,208,147
SKU-SPARE-MOTOR,1,0
SKU-SPARE-MOTOR,2,0
SKU-SPARE-MOTOR,3,1
SKU-SPARE-MOTOR,4,4
SKU-SPARE-MOTOR,5,0
SKU-SPARE-MOTOR,6,0
SKU-SPARE-MOTOR,7,0
SKU-SPARE-MOTOR,8,0
SKU-SPARE-MOTOR,9,2
SKU-SPARE-MOTOR,10,0
SKU-SPARE-MOTOR,11,0
SKU-SPARE-MOTOR,12,0
SKU-SPARE-MOTOR,13,0
SKU-SPARE-MOTOR,14,0
SKU-SPARE-MOTOR,15,0
SKU-SPARE-MOTOR,16,0
SKU-SPARE-MOTOR,17,0
SKU-SPARE-MOTOR,18,0
SKU-SPARE-MOTOR,19,3
SKU-SPARE-MOTOR,20,0
SKU-SPARE-MOTOR,21,2
SKU-SPARE-MOTOR,22,0
SKU-SPARE-MOTOR,23,2
SKU-SPARE-MOTOR,24,0
SKU-SPARE-MOTOR,25,0
SKU-SPARE-MOTOR,26,0
SKU-SPARE-MOTOR,27,0
SKU-SPARE-MOTOR,28,0
SKU-SPARE-MOTOR,29,0
SKU-SPARE-MOTOR,30,0
SKU-SPARE-MOTOR,31,0
SKU-SPARE-MOTOR,32,0
SKU-SPARE-MOTOR,33,2
SKU-SPARE-MOTOR,34,0
SKU-SPARE-MOTOR,35,4
SKU-SPARE-MOTOR,36,0
SKU-SPARE-MOTOR,37,0
SKU-SPARE-MOTOR,38,0
SKU-SPARE-MOTOR,39,1
SKU-SPARE-MOTOR,40,0
SKU-SPARE-MOTOR,41,0
SKU-SPARE-MOTOR,42,0
SKU-SPARE-MOTOR,43,0
SKU-SPARE-MOTOR,44,0
SKU-SPARE-MOTOR,45,0
SKU-SPARE-MOTOR,46,0
SKU-SPARE-MOTOR,47,0
SKU-SPARE-MOTOR,48,0
SKU-SPARE-MOTOR,49,0
SKU-SPARE-MOTOR,50,2
SKU-SPARE-MOTOR,51,0
SKU-SPARE-MOTOR,52,0
SKU-SPARE-MOTOR,53,0
SKU-SPARE-MOTOR,54,0
SKU-SPARE-MOTOR,55,0
SKU-SPARE-MOTOR,56,0
SKU-SPARE-MOTOR,57,1
SKU-SPARE-MOTOR,58,0
SKU-SPARE-MOTOR,59,0
SKU-SPARE-MOTOR,60,0
SKU-SPARE-MOTOR,61,0
SKU-SPARE-MOTOR,62,0
SKU-SPARE-MOTOR,63,0
SKU-SPARE-MOTOR,64,2
SKU-SPARE-MOTOR,65,1
SKU-SPARE-MOTOR,66,0
SKU-SPARE-MOTOR,67,0
SKU-SPARE-MOTOR,68,0
SKU-SPARE-MOTOR,69,0
SKU-SPARE-MOTOR,70,0
SKU-SPARE-MOTOR,71,0
SKU-SPARE-MOTOR,72,0
SKU-SPARE-MOTOR,73,4
SKU-SPARE-MOTOR,74,1
SKU-SPARE-MOTOR,75,0
SKU-SPARE-MOTOR,76,0
SKU-SPARE-MOTOR,77,0
SKU-SPARE-MOTOR,78,0
SKU-SPARE-MOTOR,79,3
SKU-SPARE-MOTOR,80,0
SKU-SPARE-MOTOR,81,0
SKU-SPARE-MOTOR,82,0
SKU-SPARE-MOTOR,83,4
SKU-SPARE-MOTOR,84,0
SKU-SPARE-MOTOR,85,0
SKU-SPARE-MOTOR,86,0
SKU-SPARE-MOTOR,87,0
SKU-SPARE-MOTOR,88,0
SKU-SPARE-MOTOR,89,0
SKU-SPARE-MOTOR,90,0
SKU-SPARE-MOTOR,91,2
SKU-SPARE-MOTOR,92,0
SKU-SPARE-MOTOR,93,0
SKU-SPARE-MOTOR,94,0
SKU-SPARE-MOTOR,95,0
SKU-SPARE-MOTOR,96,3
SKU-SPARE-MOTOR,97,0
SKU-SPARE-MOTOR,98,0
SKU-SPARE-MOTOR,99,4
SKU-SPARE-MOTOR,100,0
SKU-SPARE-MOTOR,101,0
SKU-SPARE-MOTOR,102,0
SKU-SPARE-MOTOR,103,0
SKU-SPARE-MOTOR,104,0
SKU-SPARE-MOTOR,105,0
SKU-SPARE-MOTOR,106,0
SKU-SPARE-MOTOR,107,0
SKU-SPARE-MOTOR,108,0
SKU-SPARE-MOTOR,109,2
SKU-SPARE-MOTOR,110,1
SKU-SPARE-MOTOR,111,2
SKU-SPARE-MOTOR,112,0
SKU-SPARE-MOTOR,113,0
SKU-SPARE-MOTOR,114,2
SKU-SPARE-MOTOR,115,0
SKU-SPARE-MOTOR,116,2
SKU-SPARE-MOTOR,117,0
SKU-SPARE-MOTOR,118,3
SKU-SPARE-MOTOR,119,4
SKU-SPARE-MOTOR,120,0
SKU-SPARE-MOTOR,121,0
SKU-SPARE-MOTOR,122,0
SKU-SPARE-MOTOR,123,0
SKU-SPARE-MOTOR,124,0
SKU-SPARE-MOTOR,125,0
SKU-SPARE-MOTOR,126,0
SKU-SPARE-MOTOR,127,0
SKU-SPARE-MOTOR,128,0
SKU-SPARE-MOTOR,129,2
SKU-SPARE-MOTOR,130,0
SKU-SPARE-MOTOR,131,2
SKU-SPARE-MOTOR,132,4
SKU-SPARE-MOTOR,133,0
SKU-SPARE-MOTOR,134,0
SKU-SPARE-MOTOR,135,0
SKU-SPARE-MOTOR,136,0
SKU-SPARE-MOTOR,137,0
SKU-SPARE-MOTOR,138,4
SKU-SPARE-MOTOR,139,0
SKU-SPARE-MOTOR,140,0
SKU-SPARE-MOTOR,141,0
SKU-SPARE-MOTOR,142,1
SKU-SPARE-MOTOR,143,0
SKU-SPARE-MOTOR,144,2
SKU-SPARE-MOTOR,145,0
SKU-SPARE-MOTOR,146,0
SKU-SPARE-MOTOR,147,0
SKU-SPARE-MOTOR,148,0
SKU-SPARE-MOTOR,149,3
SKU-SPARE-MOTOR,150,0
SKU-SPARE-MOTOR,151,0
SKU-SPARE-MOTOR,152,4
SKU-SPARE-MOTOR,153,0
SKU-SPARE-MOTOR,154,1
SKU-SPARE-MOTOR,155,0
SKU-SPARE-MOTOR,156,0
SKU-SPARE-MOTOR,157,0
SKU-SPARE-MOTOR,158,2
SKU-SPARE-MOTOR,159,3
SKU-SPARE-MOTOR,160,0
SKU-SPARE-MOTOR,161,0
SKU-SPARE-MOTOR,162,2
SKU-SPARE-MOTOR,163,0
SKU-SPARE-MOTOR,164,0
SKU-SPARE-MOTOR,165,0
SKU-SPARE-MOTOR,166,0
SKU-SPARE-MOTOR,167,0
SKU-SPARE-MOTOR,168,0
SKU-SPARE-MOTOR,169,0
SKU-SPARE-MOTOR,170,0
SKU-SPARE-MOTOR,171,0
SKU-SPARE-MOTOR,172,0
SKU-SPARE-MOTOR,173,3
SKU-SPARE-MOTOR,174,0
SKU-SPARE-MOTOR,175,0
SKU-SPARE-MOTOR,176,0
SKU-SPARE-MOTOR,177,1
SKU-SPARE-MOTOR,178,0
SKU-SPARE-MOTOR,179,0
SKU-SPARE-MOTOR,180,3
SKU-SPARE-MOTOR,181,0
SKU-SPARE-MOTOR,182,0
SKU-SPARE-MOTOR,183,0
SKU-SPARE-MOTOR,184,1
SKU-SPARE-MOTOR,185,2
SKU-SPARE-MOTOR,186,0
SKU-SPARE-MOTOR,187,2
SKU-SPARE-MOTOR,188,0
SKU-SPARE-MOTOR,189,0
SKU-SPARE-MOTOR,190,0
SKU-SPARE-MOTOR,191,2
SKU-SPARE-MOTOR,192,3
SKU-SPARE-MOTOR,193,4
SKU-SPARE-MOTOR,194,2
SKU-SPARE-MOTOR,195,0
SKU-SPARE-MOTOR,196,0
SKU-SPARE-MOTOR,197,0
SKU-SPARE-MOTOR,198,2
SKU-SPARE-MOTOR,199,0
SKU-SPARE-MOTOR,200,0
SKU-SPARE-MOTOR,201,0
SKU-SPARE-MOTOR,202,0
SKU-SPARE-MOTOR,203,0
SKU-SPARE-MOTOR,204,0
SKU-SPARE-MOTOR,205,0
SKU-SPARE-MOTOR,206,1
SKU-SPARE-MOTOR,207,0
SKU-SPARE-MOTOR,208,0
