sku,aisle,bay,level
SKU-1000,0,2,1
SKU-1001,0,5,1
SKU-1002,2,5,1
SKU-1003,5,7,0
SKU-1004,4,7,0
SKU-1005,5,6,0
SKU-1006,1,2,1
SKU-1007,0,6,2
SKU-1008,3,8,0
SKU-1009,5,1,1
SKU-1010,0,8,0
SKU-1011,5,6,1
SKU-1012,3,9,1
SKU-1013,3,5,1
SKU-1014,3,0,0
SKU-1015,4,4,2
SKU-1016,3,0,2
SKU-1017,5,2,1
SKU-1018,1,8,0
SKU-1019,3,2,0
SKU-1020,1,7,0
SKU-1021,4,9,0
SKU-1022,4,6,0
SKU-1023,0,3,2
SKU-1024,4,9,2
SKU-1025,2,2,0
SKU-1026,4,4,1
SKU-1027,3,2,1
SKU-1028,3,3,1
SKU-1029,0,5,0
SKU-1030,5,4,1
SKU-1031,0,7,1
SKU-1032,2,6,2
SKU-1033,4,1,1
SKU-1034,1,0,0
SKU-1035,0,1,0
SKU-1036,4,9,1
SKU-1037,4,0,2
SKU-1038,2,3,1
SKU-1039,2,7,0
SKU-1040,0,9,0
SKU-1041,4,3,1
SKU-1042,0,0,2
SKU-1043,3,6,0
SKU-1044,3,3,0
SKU-1045,3,2,2
SKU-1046,2,8,0
SKU-1047,3,7,1
SKU-1048,3,6,1
SKU-1049,1,1,1
SKU-1050,2,3,0
SKU-1051,1,2,0
SKU-1052,0,0,1
SKU-1053,4,5,0
SKU-1054,2,2,2
SKU-1055,2,4,0
SKU-1056,3,6,2
SKU-1057,4,7,2
SKU-1058,1,2,2
SKU-1059,0,4,0
