order_id,sku,qty
O0001,SKU-1050,1
O0002,SKU-1012,2
O0002,SKU-1029,4
O0002,SKU-1036,4
O0003,SKU-1019,5
O0004,SKU-1015,2
O0004,SKU-1042,1
O0005,SKU-1012,6
O0006,SKU-1004,4
O0006,SKU-1045,5
O0007,SKU-1045,5
O0008,SKU-1033,5
O0008,SKU-1045,4
O0009,SKU-1020,4
O0009,SKU-1028,3
O0009,SKU-1030,4
O0009,SKU-1045,6
O0010,SKU-1028,5
O0011,SKU-1045,3
O0012,SKU-1029,4
O0012,SKU-1030,1
O0012,SKU-1045,2
O0012,SKU-1056,6
O0012,SKU-1057,3
O0013,SKU-1012,6
O0013,SKU-1056,3
O0014,SKU-1016,1
O0015,SKU-1004,6
O0015,SKU-1028,1
O0015,SKU-1038,4
O0015,SKU-1045,3
O0016,SKU-1053,6
O0017,SKU-1045,2
O0017,SKU-1057,2
O0018,SKU-1018,2
O0018,SKU-1029,6
O0019,SKU-1012,5
O0019,SKU-1013,5
O0019,SKU-1030,2
O0019,SKU-1057,5
O0020,SKU-1056,3
O0021,SKU-1013,1
O0021,SKU-1019,5
O0021,SKU-1045,2
O0021,SKU-1052,1
O0022,SKU-1012,4
O0022,SKU-1025,5
O0022,SKU-1029,1
O0022,SKU-1045,1
O0022,SKU-1058,4
O0023,SKU-1004,6
O0023,SKU-1012,4
O0023,SKU-1019,4
O0023,SKU-1049,1
O0024,SKU-1012,5
O0024,SKU-1030,5
O0024,SKU-1045,1
O0025,SKU-1020,5
O0025,SKU-1028,1
O0026,SKU-1048,6
O0026,SKU-1050,6
O0027,SKU-1007,5
O0027,SKU-1029,5
O0027,SKU-1030,3
O0028,SKU-1004,2
O0029,SKU-1014,6
O0029,SKU-1022,2
O0029,SKU-1040,3
O0029,SKU-1045,4
O0030,SKU-1012,6
O0030,SKU-1029,4
O0030,SKU-1030,2
O0031,SKU-1012,2
O0031,SKU-1029,2
O0031,SKU-1030,3
O0031,SKU-1045,5
O0031,SKU-1050,2
O0032,SKU-1034,1
O0033,SKU-1024,4
O0033,SKU-1030,1
O0033,SKU-1045,4
O0034,SKU-1025,3
O0034,SKU-1049,3
O0034,SKU-1057,5
O0035,SKU-1013,4
O0035,SKU-1021,2
O0036,SKU-1012,3
O0036,SKU-1045,2
O0037,SKU-1013,4
O0037,SKU-1020,2
O0038,SKU-1013,4
O0038,SKU-1030,6
O0038,SKU-1057,3
O0039,SKU-1012,6
O0039,SKU-1030,6
O0039,SKU-1045,3
O0039,SKU-1059,3
O0040,SKU-1012,5
O0041,SKU-1045,6
O0041,SKU-1057,6
O0042,SKU-1007,2
O0043,SKU-1024,1
O0043,SKU-1029,2
O0044,SKU-1013,2
O0045,SKU-1029,2
O0045,SKU-1045,2
O0046,SKU-1025,3
O0047,SKU-1030,5
O0047,SKU-1045,5
O0048,SKU-1018,3
O0048,SKU-1029,3
O0048,SKU-1030,6
O0048,SKU-1045,5
O0048,SKU-1056,3
O0049,SKU-1012,5
O0049,SKU-1021,5
O0049,SKU-1040,1
O0049,SKU-1045,3
O0050,SKU-1013,6
O0050,SKU-1045,5
O0051,SKU-1010,4
O0051,SKU-1036,6
O0051,SKU-1043,6
O0051,SKU-1045,2
O0052,SKU-1012,5
O0052,SKU-1015,5
O0052,SKU-1057,5
O0053,SKU-1016,5
O0053,SKU-1033,6
O0054,SKU-1012,1
O0054,SKU-1020,3
O0054,SKU-1030,1
O0054,SKU-1045,3
O0055,SKU-1004,5
O0055,SKU-1012,6
O0055,SKU-1025,4
O0055,SKU-1030,6
O0056,SKU-1003,6
O0056,SKU-1038,2
O0057,SKU-1045,4
O0057,SKU-1048,2
O0057,SKU-1053,3
O0058,SKU-1012,4
O0059,SKU-1042,6
O0059,SKU-1045,1
O0059,SKU-1057,2
O0060,SKU-1049,2
O0061,SKU-1012,4
O0062,SKU-1004,6
O0062,SKU-1030,2
O0062,SKU-1031,1
O0062,SKU-1049,2
O0062,SKU-1057,1
O0063,SKU-1030,6
O0063,SKU-1050,1
O0064,SKU-1045,6
O0065,SKU-1004,6
O0065,SKU-1029,6
O0065,SKU-1036,1
O0065,SKU-1045,2
O0066,SKU-1045,4
O0067,SKU-1003,1
O0067,SKU-1023,3
O0067,SKU-1045,6
O0068,SKU-1037,6
O0069,SKU-1001,1
O0069,SKU-1013,4
O0069,SKU-1029,3
O0069,SKU-1038,2
O0070,SKU-1030,1
O0070,SKU-1034,6
O0070,SKU-1049,3
O0070,SKU-1050,5
O0070,SKU-1056,1
O0071,SKU-1025,5
O0071,SKU-1029,3
O0072,SKU-1011,5
O0072,SKU-1024,1
O0072,SKU-1030,5
O0072,SKU-1039,4
O0072,SKU-1045,5
O0073,SKU-1003,6
O0074,SKU-1008,6
O0074,SKU-1012,1
O0074,SKU-1045,4
O0074,SKU-1057,2
O0075,SKU-1012,5
O0076,SKU-1032,3
O0076,SKU-1052,6
O0077,SKU-1006,6
O0078,SKU-1013,1
O0078,SKU-1029,4
O0078,SKU-1030,5
O0078,SKU-1045,2
O0079,SKU-1040,3
O0079,SKU-1056,1
O0080,SKU-1012,1
O0080,SKU-1015,2
O0080,SKU-1017,5
O0080,SKU-1030,6
O0080,SKU-1045,2
O0081,SKU-1020,3
O0081,SKU-1045,2
O0082,SKU-1012,1
O0082,SKU-1023,3
O0082,SKU-1030,3
O0083,SKU-1000,3
O0083,SKU-1013,1
O0083,SKU-1024,3
O0083,SKU-1029,4
O0083,SKU-1030,4
O0084,SKU-1012,1
O0084,SKU-1045,4
O0084,SKU-1049,2
O0085,SKU-1030,3
O0085,SKU-1034,5
O0085,SKU-1045,4
O0085,SKU-1050,5
O0086,SKU-1013,1
O0086,SKU-1030,1
O0086,SKU-1045,5
O0087,SKU-1012,2
O0088,SKU-1004,4
O0088,SKU-1013,3
O0089,SKU-1001,5
O0089,SKU-1052,3
O0090,SKU-1045,1
O0091,SKU-1056,1
O0092,SKU-1004,1
O0092,SKU-1020,4
O0092,SKU-1042,3
O0092,SKU-1045,3
O0092,SKU-1057,1
O0093,SKU-1010,3
O0093,SKU-1013,3
O0093,SKU-1045,1
O0093,SKU-1051,4
O0093,SKU-1057,2
O0094,SKU-1045,4
O0095,SKU-1013,1
O0095,SKU-1030,2
O0096,SKU-1010,3
O0096,SKU-1012,3
O0096,SKU-1030,1
O0096,SKU-1045,5
O0097,SKU-1030,6
O0097,SKU-1045,5
O0097,SKU-1054,4
O0097,SKU-1056,5
O0098,SKU-1030,5
O0098,SKU-1045,3
O0099,SKU-1022,2
O0100,SKU-1026,2
O0100,SKU-1031,1
O0100,SKU-1045,5
O0101,SKU-1001,1
O0101,SKU-1012,6
O0101,SKU-1045,4
O0102,SKU-1012,2
O0103,SKU-1045,4
O0104,SKU-1014,4
O0104,SKU-1029,6
O0104,SKU-1040,2
O0105,SKU-1014,2
O0105,SKU-1029,3
O0105,SKU-1049,2
O0106,SKU-1026,6
O0106,SKU-1030,5
O0107,SKU-1013,4
O0107,SKU-1050,1
O0108,SKU-1001,1
O0108,SKU-1012,1
O0108,SKU-1013,1
O0108,SKU-1029,3
O0109,SKU-1031,2
O0110,SKU-1028,1
O0110,SKU-1030,2
O0110,SKU-1039,4
O0110,SKU-1045,2
O0110,SKU-1057,2
O0111,SKU-1012,1
O0112,SKU-1029,1
O0113,SKU-1019,4
O0113,SKU-1030,4
O0114,SKU-1030,2
O0114,SKU-1045,5
O0114,SKU-1050,4
O0114,SKU-1053,3
O0115,SKU-1026,3
O0115,SKU-1029,2
O0116,SKU-1010,2
O0116,SKU-1033,4
O0117,SKU-1020,6
O0117,SKU-1045,1
O0118,SKU-1055,4
O0119,SKU-1030,1
O0119,SKU-1050,6
O0120,SKU-1036,2
O0121,SKU-1049,3
O0122,SKU-1050,4
O0123,SKU-1012,3
O0123,SKU-1013,4
O0123,SKU-1034,4
O0124,SKU-1012,2
O0124,SKU-1019,6
O0124,SKU-1045,3
O0124,SKU-1051,3
O0124,SKU-1052,4
O0125,SKU-1010,2
O0125,SKU-1045,6
O0125,SKU-1049,6
O0126,SKU-1013,2
O0126,SKU-1035,1
O0127,SKU-1005,2
O0128,SKU-1012,6
O0128,SKU-1013,3
O0128,SKU-1022,3
O0128,SKU-1030,5
O0128,SKU-1047,6
O0129,SKU-1004,1
O0129,SKU-1030,2
O0130,SKU-1045,2
O0131,SKU-1057,1
O0132,SKU-1013,1
O0132,SKU-1045,1
O0133,SKU-1005,3
O0133,SKU-1011,3
O0134,SKU-1045,1
O0135,SKU-1006,4
O0135,SKU-1024,3
O0135,SKU-1045,4
O0136,SKU-1045,6
O0137,SKU-1002,3
O0137,SKU-1012,4
O0137,SKU-1022,3
O0137,SKU-1025,3
O0137,SKU-1029,2
O0138,SKU-1012,6
O0139,SKU-1019,3
O0139,SKU-1055,6
O0140,SKU-1007,2
O0140,SKU-1012,6
O0140,SKU-1029,4
O0140,SKU-1030,6
O0141,SKU-1012,3
O0141,SKU-1014,4
O0141,SKU-1045,3
O0142,SKU-1010,6
O0143,SKU-1013,3
O0143,SKU-1045,3
O0144,SKU-1001,5
O0145,SKU-1043,4
O0146,SKU-1028,6
O0146,SKU-1051,5
O0147,SKU-1013,4
O0147,SKU-1023,6
O0147,SKU-1030,1
O0147,SKU-1043,5
O0148,SKU-1012,5
O0149,SKU-1012,2
O0149,SKU-1014,4
O0149,SKU-1029,1
O0149,SKU-1034,3
O0149,SKU-1045,4
O0150,SKU-1025,1
O0151,SKU-1045,1
O0152,SKU-1032,1
O0153,SKU-1029,6
O0153,SKU-1030,5
O0153,SKU-1045,5
O0154,SKU-1039,3
O0154,SKU-1045,2
O0155,SKU-1004,4
O0156,SKU-1015,4
O0156,SKU-1026,4
O0156,SKU-1029,2
O0156,SKU-1045,5
O0156,SKU-1052,6
O0157,SKU-1045,3
O0158,SKU-1021,3
O0159,SKU-1020,2
O0159,SKU-1039,6
O0159,SKU-1045,2
O0159,SKU-1049,5
O0160,SKU-1012,4
O0160,SKU-1036,6
O0160,SKU-1045,4
O0160,SKU-1052,1
O0161,SKU-1013,5
O0161,SKU-1022,1
O0161,SKU-1045,5
O0162,SKU-1030,4
O0162,SKU-1045,3
O0163,SKU-1013,4
O0163,SKU-1014,2
O0163,SKU-1042,5
O0164,SKU-1013,1
O0164,SKU-1017,4
O0165,SKU-1024,6
O0165,SKU-1030,1
O0165,SKU-1042,1
O0165,SKU-1045,2
O0165,SKU-1057,6
O0166,SKU-1019,5
O0166,SKU-1025,3
O0166,SKU-1057,6
O0167,SKU-1002,1
O0167,SKU-1012,2
O0168,SKU-1013,6
O0168,SKU-1045,3
O0168,SKU-1049,2
O0169,SKU-1030,1
O0170,SKU-1021,4
O0170,SKU-1045,4
O0171,SKU-1045,4
O0172,SKU-1007,5
O0172,SKU-1013,6
O0172,SKU-1014,4
O0172,SKU-1045,3
O0172,SKU-1058,3
O0173,SKU-1005,1
O0173,SKU-1014,1
O0173,SKU-1030,6
O0174,SKU-1030,2
O0174,SKU-1045,5
O0175,SKU-1003,2
O0176,SKU-1020,6
O0176,SKU-1029,5
O0176,SKU-1045,5
O0176,SKU-1056,6
O0177,SKU-1013,2
O0177,SKU-1030,3
O0178,SKU-1006,5
O0178,SKU-1014,3
O0178,SKU-1030,4
O0178,SKU-1045,6
O0178,SKU-1056,3
O0179,SKU-1013,1
O0179,SKU-1045,1
O0179,SKU-1053,6
O0180,SKU-1029,3
O0180,SKU-1030,3
O0180,SKU-1045,4
O0181,SKU-1045,3
O0181,SKU-1050,6
O0182,SKU-1012,5
O0182,SKU-1028,1
O0182,SKU-1029,1
O0182,SKU-1045,1
O0182,SKU-1049,6
O0183,SKU-1045,2
O0184,SKU-1022,2
O0184,SKU-1045,1
O0185,SKU-1030,4
O0185,SKU-1045,6
O0186,SKU-1012,3
O0186,SKU-1029,4
O0186,SKU-1030,3
O0186,SKU-1032,1
O0186,SKU-1057,5
O0187,SKU-1012,6
O0187,SKU-1013,6
O0187,SKU-1014,2
O0187,SKU-1030,5
O0187,SKU-1056,2
O0188,SKU-1030,3
O0188,SKU-1045,4
O0189,SKU-1007,4
O0189,SKU-1010,1
O0189,SKU-1045,3
O0190,SKU-1001,5
O0190,SKU-1033,1
O0190,SKU-1056,5
O0191,SKU-1013,2
O0191,SKU-1034,4
O0191,SKU-1045,2
O0192,SKU-1010,2
O0192,SKU-1045,3
O0193,SKU-1012,5
O0193,SKU-1045,1
O0193,SKU-1049,5
O0194,SKU-1012,4
O0194,SKU-1013,1
O0194,SKU-1045,3
O0194,SKU-1052,6
O0195,SKU-1019,4
O0195,SKU-1030,2
O0195,SKU-1045,6
O0195,SKU-1055,4
O0196,SKU-1057,6
O0197,SKU-1020,4
O0198,SKU-1014,1
O0198,SKU-1045,6
O0198,SKU-1049,6
O0199,SKU-1010,3
O0199,SKU-1020,6
O0199,SKU-1030,4
O0199,SKU-1045,2
O0200,SKU-1012,6
O0200,SKU-1015,3
O0200,SKU-1026,4
O0200,SKU-1030,5
O0201,SKU-1019,3
O0201,SKU-1022,3
O0201,SKU-1029,6
O0201,SKU-1045,6
O0202,SKU-1030,6
O0202,SKU-1045,4
O0203,SKU-1019,3
O0203,SKU-1029,3
O0203,SKU-1030,1
O0203,SKU-1045,3
O0203,SKU-1049,1
O0204,SKU-1012,4
O0204,SKU-1013,6
O0204,SKU-1030,1
O0204,SKU-1045,1
O0205,SKU-1014,1
O0206,SKU-1030,5
O0207,SKU-1013,2
O0207,SKU-1047,6
O0207,SKU-1049,4
O0208,SKU-1012,6
O0208,SKU-1013,1
O0208,SKU-1021,1
O0209,SKU-1002,4
O0209,SKU-1013,1
O0210,SKU-1038,4
O0211,SKU-1005,3
O0211,SKU-1012,6
O0211,SKU-1045,1
O0211,SKU-1059,3
O0212,SKU-1034,5
O0212,SKU-1045,2
O0213,SKU-1008,3
O0213,SKU-1045,4
O0214,SKU-1013,6
O0214,SKU-1029,2
O0215,SKU-1045,2
O0215,SKU-1052,5
O0216,SKU-1004,3
O0217,SKU-1041,4
O0217,SKU-1045,6
O0218,SKU-1004,4
O0218,SKU-1012,3
O0218,SKU-1029,2
O0218,SKU-1045,5
O0219,SKU-1014,1
O0219,SKU-1030,6
O0219,SKU-1045,6
O0220,SKU-1037,1
O0220,SKU-1045,6
O0221,SKU-1011,5
O0221,SKU-1029,1
O0222,SKU-1030,5
O0222,SKU-1050,6
O0223,SKU-1026,3
O0223,SKU-1030,6
O0224,SKU-1029,6
O0224,SKU-1030,6
O0224,SKU-1038,4
O0224,SKU-1045,2
O0224,SKU-1051,5
O0225,SKU-1012,3
O0225,SKU-1013,5
O0225,SKU-1045,2
O0226,SKU-1029,2
O0226,SKU-1045,6
O0227,SKU-1003,1
O0227,SKU-1030,1
O0228,SKU-1045,6
O0228,SKU-1053,4
O0228,SKU-1057,1
O0229,SKU-1007,1
O0230,SKU-1012,5
O0230,SKU-1030,1
O0230,SKU-1045,6
O0231,SKU-1045,4
O0231,SKU-1052,3
O0232,SKU-1012,2
O0232,SKU-1038,5
O0232,SKU-1045,3
O0232,SKU-1052,6
O0232,SKU-1056,5
O0233,SKU-1012,2
O0233,SKU-1049,3
O0233,SKU-1057,3
O0234,SKU-1012,4
O0234,SKU-1028,5
O0234,SKU-1030,3
O0235,SKU-1007,1
O0235,SKU-1052,2
O0236,SKU-1049,4
O0237,SKU-1029,3
O0237,SKU-1045,6
O0238,SKU-1013,4
O0238,SKU-1028,3
O0238,SKU-1034,1
O0239,SKU-1012,5
O0239,SKU-1020,1
O0239,SKU-1030,1
O0240,SKU-1015,3
O0240,SKU-1026,6
O0240,SKU-1045,1
O0241,SKU-1045,4
O0241,SKU-1050,5
O0241,SKU-1057,6
O0242,SKU-1001,3
O0242,SKU-1012,2
O0242,SKU-1045,5
O0243,SKU-1013,3
O0243,SKU-1030,2
O0243,SKU-1057,5
O0244,SKU-1029,5
O0244,SKU-1045,4
O0244,SKU-1052,5
O0245,SKU-1033,4
O0245,SKU-1045,2
O0246,SKU-1029,3
O0246,SKU-1045,2
O0246,SKU-1050,5
O0247,SKU-1004,5
O0247,SKU-1010,1
O0247,SKU-1030,3
O0247,SKU-1045,2
O0247,SKU-1050,1
O0248,SKU-1045,6
O0249,SKU-1026,2
O0249,SKU-1028,5
O0249,SKU-1039,1
O0250,SKU-1006,4
O0250,SKU-1052,6
O0251,SKU-1016,2
O0251,SKU-1045,2
O0251,SKU-1047,1
O0252,SKU-1004,2
O0253,SKU-1004,4
O0253,SKU-1012,5
O0254,SKU-1012,2
O0254,SKU-1045,6
O0255,SKU-1000,2
O0255,SKU-1038,1
O0256,SKU-1022,1
O0256,SKU-1028,4
O0256,SKU-1032,6
O0257,SKU-1011,2
O0257,SKU-1029,4
O0258,SKU-1027,4
O0259,SKU-1012,6
O0259,SKU-1029,6
O0259,SKU-1030,1
O0260,SKU-1012,2
O0260,SKU-1045,2
O0261,SKU-1013,3
O0262,SKU-1045,3
O0263,SKU-1013,3
O0263,SKU-1034,6
O0264,SKU-1013,6
O0264,SKU-1030,4
O0264,SKU-1042,4
O0264,SKU-1045,2
O0264,SKU-1052,4
O0265,SKU-1030,5
O0265,SKU-1054,1
O0266,SKU-1004,2
O0267,SKU-1045,3
O0267,SKU-1050,2
O0268,SKU-1037,4
O0268,SKU-1045,2
O0269,SKU-1045,6
O0270,SKU-1045,3
O0271,SKU-1045,2
O0271,SKU-1049,6
O0272,SKU-1046,3
O0273,SKU-1045,3
O0274,SKU-1019,3
O0274,SKU-1026,5
O0274,SKU-1030,2
O0274,SKU-1045,2
O0275,SKU-1013,3
O0275,SKU-1028,4
O0276,SKU-1004,3
O0276,SKU-1028,6
O0276,SKU-1030,1
O0277,SKU-1014,6
O0277,SKU-1016,2
O0277,SKU-1030,4
O0278,SKU-1002,5
O0278,SKU-1012,3
O0278,SKU-1045,1
O0279,SKU-1021,1
O0279,SKU-1032,3
O0279,SKU-1045,1
O0279,SKU-1046,4
O0280,SKU-1045,5
O0281,SKU-1002,5
O0281,SKU-1012,1
O0281,SKU-1026,4
O0281,SKU-1040,6
O0281,SKU-1045,3
O0282,SKU-1029,4
O0283,SKU-1013,6
O0283,SKU-1030,4
O0283,SKU-1038,3
O0283,SKU-1039,1
O0284,SKU-1030,5
O0284,SKU-1057,3
O0284,SKU-1059,5
O0285,SKU-1012,3
O0285,SKU-1020,1
O0285,SKU-1056,1
O0286,SKU-1012,4
O0286,SKU-1030,3
O0286,SKU-1049,2
O0287,SKU-1012,3
O0287,SKU-1020,6
O0287,SKU-1053,6
O0288,SKU-1029,6
O0289,SKU-1013,2
O0289,SKU-1042,4
O0290,SKU-1030,4
O0291,SKU-1019,5
O0291,SKU-1029,2
O0292,SKU-1017,4
O0292,SKU-1030,1
O0292,SKU-1039,3
O0292,SKU-1045,1
O0293,SKU-1030,5
O0294,SKU-1038,6
O0294,SKU-1045,4
O0295,SKU-1045,4
O0295,SKU-1054,4
O0295,SKU-1056,2
O0295,SKU-1057,3
O0296,SKU-1012,3
O0297,SKU-1013,2
O0297,SKU-1023,6
O0298,SKU-1045,2
O0298,SKU-1049,5
O0298,SKU-1050,2
O0298,SKU-1056,1
O0298,SKU-1057,2
O0299,SKU-1012,3
O0300,SKU-1012,3
O0300,SKU-1025,4
O0300,SKU-1049,1
O0301,SKU-1012,6
O0301,SKU-1024,1
O0301,SKU-1045,6
O0302,SKU-1030,1
O0303,SKU-1012,4
O0303,SKU-1013,2
O0304,SKU-1037,3
O0305,SKU-1031,1
O0305,SKU-1049,1
O0306,SKU-1007,6
O0306,SKU-1013,1
O0306,SKU-1015,3
O0306,SKU-1045,4
O0306,SKU-1054,4
O0307,SKU-1029,2
O0308,SKU-1004,5
O0309,SKU-1012,2
O0310,SKU-1019,4
O0311,SKU-1004,6
O0311,SKU-1045,2
O0311,SKU-1055,5
O0312,SKU-1007,4
O0313,SKU-1012,6
O0313,SKU-1013,4
O0313,SKU-1042,3
O0313,SKU-1045,5
O0313,SKU-1056,6
O0314,SKU-1024,4
O0314,SKU-1030,4
O0314,SKU-1045,6
O0315,SKU-1030,1
O0315,SKU-1056,3
O0316,SKU-1011,2
O0316,SKU-1029,3
O0317,SKU-1035,6
O0318,SKU-1045,1
O0319,SKU-1008,3
O0319,SKU-1015,3
O0319,SKU-1018,4
O0319,SKU-1030,5
O0319,SKU-1045,6
O0320,SKU-1029,2
O0320,SKU-1056,1
O0321,SKU-1030,2
O0321,SKU-1045,5
O0322,SKU-1012,2
O0322,SKU-1045,4
O0323,SKU-1012,3
O0324,SKU-1002,3
O0324,SKU-1030,5
O0324,SKU-1056,1
O0325,SKU-1033,6
O0325,SKU-1050,6
O0326,SKU-1012,1
O0326,SKU-1030,2
O0326,SKU-1045,3
O0327,SKU-1011,6
O0327,SKU-1013,3
O0327,SKU-1030,6
O0327,SKU-1032,1
O0327,SKU-1045,3
O0328,SKU-1012,6
O0329,SKU-1014,2
O0329,SKU-1045,1
O0329,SKU-1049,4
O0330,SKU-1057,1
O0331,SKU-1014,6
O0332,SKU-1050,1
O0333,SKU-1012,4
O0333,SKU-1045,3
O0333,SKU-1049,2
O0334,SKU-1012,3
O0334,SKU-1030,1
O0334,SKU-1045,1
O0335,SKU-1018,1
O0335,SKU-1053,5
O0335,SKU-1058,6
O0336,SKU-1013,3
O0336,SKU-1045,3
O0337,SKU-1030,4
O0338,SKU-1012,4
O0338,SKU-1040,1
O0338,SKU-1042,5
O0339,SKU-1013,2
O0339,SKU-1045,1
O0340,SKU-1045,3
O0341,SKU-1009,3
O0341,SKU-1045,5
O0341,SKU-1047,1
O0342,SKU-1012,2
O0342,SKU-1013,5
O0342,SKU-1014,1
O0342,SKU-1030,4
O0343,SKU-1005,1
O0343,SKU-1029,2
O0343,SKU-1050,4
O0343,SKU-1051,3
O0344,SKU-1005,2
O0344,SKU-1012,2
O0344,SKU-1045,6
O0344,SKU-1052,6
O0345,SKU-1012,2
O0345,SKU-1029,1
O0345,SKU-1038,3
O0346,SKU-1012,4
O0346,SKU-1013,5
O0346,SKU-1045,5
O0347,SKU-1011,5
O0347,SKU-1045,1
O0347,SKU-1046,6
O0347,SKU-1050,4
O0348,SKU-1019,2
O0348,SKU-1045,2
O0349,SKU-1005,1
O0349,SKU-1019,1
O0349,SKU-1020,5
O0349,SKU-1030,6
O0349,SKU-1045,6
O0350,SKU-1045,3
O0350,SKU-1049,3
O0351,SKU-1030,2
O0351,SKU-1045,2
O0351,SKU-1050,2
O0352,SKU-1045,4
O0352,SKU-1049,3
O0353,SKU-1030,5
O0353,SKU-1049,1
O0353,SKU-1053,6
O0354,SKU-1012,1
O0354,SKU-1045,3
O0355,SKU-1013,6
O0355,SKU-1029,4
O0355,SKU-1045,3
O0356,SKU-1025,5
O0356,SKU-1045,4
O0356,SKU-1057,2
O0357,SKU-1024,1
O0358,SKU-1020,3
O0359,SKU-1020,3
O0359,SKU-1028,3
O0360,SKU-1025,6
O0360,SKU-1030,6
O0360,SKU-1045,5
O0361,SKU-1013,4
O0361,SKU-1014,1
O0361,SKU-1045,5
O0362,SKU-1005,5
O0362,SKU-1012,3
O0362,SKU-1049,2
O0363,SKU-1019,2
O0363,SKU-1033,1
O0364,SKU-1013,4
O0364,SKU-1019,2
O0364,SKU-1038,5
O0364,SKU-1045,1
O0364,SKU-1049,3
O0365,SKU-1012,5
O0365,SKU-1045,6
O0366,SKU-1014,1
O0366,SKU-1045,2
O0367,SKU-1032,6
O0367,SKU-1056,3
O0368,SKU-1012,2
O0368,SKU-1030,1
O0368,SKU-1049,2
O0368,SKU-1057,6
O0369,SKU-1029,2
O0369,SKU-1030,2
O0369,SKU-1045,1
O0370,SKU-1010,6
O0370,SKU-1012,6
O0370,SKU-1013,5
O0370,SKU-1030,4
O0370,SKU-1049,6
O0371,SKU-1006,2
O0372,SKU-1006,4
O0372,SKU-1012,6
O0372,SKU-1050,6
O0373,SKU-1012,3
O0373,SKU-1030,5
O0373,SKU-1045,2
O0374,SKU-1010,2
O0374,SKU-1012,5
O0374,SKU-1013,6
O0374,SKU-1014,5
O0374,SKU-1045,2
O0375,SKU-1030,1
O0375,SKU-1045,1
O0376,SKU-1004,1
O0377,SKU-1007,4
O0377,SKU-1013,4
O0377,SKU-1020,5
O0377,SKU-1025,1
O0377,SKU-1045,6
O0378,SKU-1008,1
O0378,SKU-1013,4
O0378,SKU-1024,5
O0379,SKU-1013,4
O0380,SKU-1007,3
O0381,SKU-1013,6
O0381,SKU-1022,1
O0381,SKU-1045,5
O0382,SKU-1041,2
O0383,SKU-1020,4
O0383,SKU-1036,2
O0383,SKU-1045,2
O0383,SKU-1050,4
O0384,SKU-1013,1
O0384,SKU-1022,3
O0385,SKU-1014,2
O0386,SKU-1028,2
O0386,SKU-1033,4
O0386,SKU-1050,3
O0387,SKU-1045,5
O0387,SKU-1055,1
O0388,SKU-1019,4
O0388,SKU-1045,4
O0389,SKU-1019,4
O0389,SKU-1024,6
O0389,SKU-1051,4
O0390,SKU-1045,5
O0391,SKU-1013,1
O0391,SKU-1019,4
O0391,SKU-1057,5
O0392,SKU-1045,4
O0393,SKU-1057,5
O0394,SKU-1012,3
O0394,SKU-1019,1
O0394,SKU-1030,2
O0394,SKU-1042,4
O0394,SKU-1045,2
O0395,SKU-1020,6
O0395,SKU-1030,3
O0395,SKU-1044,4
O0395,SKU-1045,1
O0395,SKU-1057,6
O0396,SKU-1028,4
O0396,SKU-1030,6
O0396,SKU-1045,1
O0397,SKU-1007,1
O0397,SKU-1038,3
O0397,SKU-1046,2
O0398,SKU-1027,3
O0398,SKU-1045,3
O0399,SKU-1001,2
O0399,SKU-1004,4
O0399,SKU-1013,6
O0399,SKU-1024,6
O0399,SKU-1057,6
O0400,SKU-1013,3
O0400,SKU-1030,4
O0400,SKU-1049,2
O0401,SKU-1002,1
O0402,SKU-1013,6
O0402,SKU-1045,6
O0402,SKU-1050,5
O0403,SKU-1012,5
O0403,SKU-1030,3
O0403,SKU-1039,4
O0403,SKU-1045,2
O0404,SKU-1000,3
O0404,SKU-1030,1
O0404,SKU-1045,4
O0405,SKU-1045,2
O0405,SKU-1049,3
O0406,SKU-1045,1
O0407,SKU-1019,3
O0407,SKU-1030,6
O0407,SKU-1045,2
O0408,SKU-1015,3
O0408,SKU-1045,1
O0409,SKU-1022,1
O0409,SKU-1055,6
O0410,SKU-1014,1
O0410,SKU-1029,3
O0410,SKU-1047,1
O0410,SKU-1057,3
O0411,SKU-1056,6
O0411,SKU-1058,2
O0412,SKU-1048,2
O0413,SKU-1024,2
O0413,SKU-1045,1
O0414,SKU-1012,4
O0414,SKU-1026,4
O0414,SKU-1044,4
O0414,SKU-1045,2
O0414,SKU-1056,1
O0415,SKU-1014,6
O0415,SKU-1030,2
O0415,SKU-1031,2
O0415,SKU-1045,4
O0416,SKU-1028,2
O0417,SKU-1029,1
O0418,SKU-1045,1
O0419,SKU-1045,5
O0420,SKU-1012,3
O0420,SKU-1026,4
O0420,SKU-1030,6
O0421,SKU-1029,3
O0421,SKU-1030,3
O0421,SKU-1041,6
O0421,SKU-1050,2
O0422,SKU-1045,1
O0423,SKU-1026,2
O0423,SKU-1028,5
O0423,SKU-1030,2
O0423,SKU-1050,5
O0424,SKU-1005,3
O0424,SKU-1045,4
O0424,SKU-1049,4
O0425,SKU-1003,1
O0425,SKU-1030,6
O0425,SKU-1045,3
O0426,SKU-1044,2
O0427,SKU-1015,6
O0428,SKU-1012,4
O0429,SKU-1005,3
O0429,SKU-1013,4
O0429,SKU-1020,1
O0429,SKU-1030,1
O0430,SKU-1012,3
O0430,SKU-1013,2
O0430,SKU-1050,2
O0431,SKU-1049,4
O0432,SKU-1012,6
O0432,SKU-1045,3
O0433,SKU-1020,4
O0433,SKU-1050,6
O0433,SKU-1058,4
O0434,SKU-1012,2
O0434,SKU-1013,6
O0434,SKU-1025,1
O0435,SKU-1012,4
O0435,SKU-1028,3
O0436,SKU-1037,4
O0436,SKU-1042,4
O0437,SKU-1022,3
O0437,SKU-1045,5
O0438,SKU-1056,1
O0439,SKU-1006,1
O0439,SKU-1030,3
O0439,SKU-1045,2
O0439,SKU-1049,5
O0440,SKU-1004,3
O0440,SKU-1018,4
O0440,SKU-1045,4
O0441,SKU-1053,3
O0442,SKU-1034,5
O0443,SKU-1004,3
O0443,SKU-1045,6
O0444,SKU-1004,5
O0444,SKU-1030,6
O0445,SKU-1002,1
O0445,SKU-1026,3
O0445,SKU-1052,5
O0446,SKU-1020,6
O0446,SKU-1030,5
O0447,SKU-1019,6
O0448,SKU-1045,3
O0448,SKU-1047,4
O0448,SKU-1054,2
O0449,SKU-1037,1
O0450,SKU-1049,4
O0451,SKU-1012,4
O0452,SKU-1026,5
O0453,SKU-1027,3
O0454,SKU-1012,5
O0454,SKU-1029,4
O0455,SKU-1014,4
O0455,SKU-1030,6
O0455,SKU-1045,3
O0455,SKU-1056,2
O0456,SKU-1007,1
O0456,SKU-1025,4
O0456,SKU-1029,4
O0456,SKU-1045,5
O0456,SKU-1046,4
O0457,SKU-1027,1
O0457,SKU-1028,2
O0457,SKU-1030,1
O0457,SKU-1045,1
O0457,SKU-1057,6
O0458,SKU-1012,3
O0458,SKU-1020,1
O0458,SKU-1024,1
O0458,SKU-1038,1
O0458,SKU-1045,1
O0459,SKU-1019,6
O0460,SKU-1049,5
O0461,SKU-1045,6
O0462,SKU-1011,1
O0463,SKU-1012,5
O0463,SKU-1027,3
O0464,SKU-1030,6
O0464,SKU-1045,6
O0465,SKU-1045,5
O0465,SKU-1057,1
O0466,SKU-1029,1
O0466,SKU-1045,2
O0467,SKU-1017,6
O0468,SKU-1012,6
O0468,SKU-1020,5
O0468,SKU-1049,2
O0469,SKU-1013,2
O0470,SKU-1024,1
O0470,SKU-1026,5
O0470,SKU-1028,6
O0471,SKU-1013,5
O0472,SKU-1055,5
O0473,SKU-1012,1
O0474,SKU-1008,5
O0474,SKU-1014,5
O0474,SKU-1030,4
O0474,SKU-1045,4
O0474,SKU-1057,5
O0475,SKU-1026,6
O0475,SKU-1045,2
O0475,SKU-1048,6
O0476,SKU-1013,2
O0477,SKU-1012,5
O0478,SKU-1012,4
O0478,SKU-1026,6
O0478,SKU-1030,2
O0478,SKU-1045,4
O0478,SKU-1049,3
O0479,SKU-1045,2
O0480,SKU-1012,5
O0480,SKU-1045,2
O0481,SKU-1012,2
O0481,SKU-1013,2
O0481,SKU-1030,3
O0481,SKU-1032,5
O0481,SKU-1045,1
O0482,SKU-1002,6
O0482,SKU-1012,6
O0482,SKU-1045,2
O0483,SKU-1013,2
O0483,SKU-1019,4
O0483,SKU-1038,6
O0484,SKU-1010,6
O0484,SKU-1045,3
O0485,SKU-1040,4
O0485,SKU-1045,2
O0485,SKU-1048,2
O0485,SKU-1049,3
O0485,SKU-1050,3
O0486,SKU-1010,3
O0486,SKU-1012,3
O0487,SKU-1002,3
O0487,SKU-1004,1
O0487,SKU-1030,1
O0487,SKU-1045,4
O0487,SKU-1046,2
O0488,SKU-1045,1
O0488,SKU-1057,5
O0489,SKU-1030,3
O0489,SKU-1032,3
O0489,SKU-1045,5
O0490,SKU-1013,1
O0491,SKU-1001,2
O0491,SKU-1030,1
O0491,SKU-1045,6
O0492,SKU-1011,5
O0492,SKU-1054,3
O0493,SKU-1045,5
O0493,SKU-1049,6
O0494,SKU-1004,1
O0494,SKU-1029,6
O0494,SKU-1032,6
O0494,SKU-1033,4
O0494,SKU-1057,4
O0495,SKU-1012,6
O0495,SKU-1045,6
O0495,SKU-1057,2
O0496,SKU-1001,3
O0496,SKU-1014,1
O0496,SKU-1045,1
O0497,SKU-1010,2
O0497,SKU-1020,2
O0497,SKU-1030,2
O0498,SKU-1015,2
O0498,SKU-1057,1
O0499,SKU-1013,6
O0499,SKU-1021,2
O0499,SKU-1040,3
O0499,SKU-1045,1
O0499,SKU-1051,3
O0500,SKU-1012,4
