sku,description,cube
SKU-1000,Nitrile gloves box v1,S
SKU-1001,Packing tape roll v1,S
SKU-1002,Shipping label pack v1,S
SKU-1003,Stretch wrap roll v1,M
SKU-1004,Corrugated box 12in v1,M
SKU-1005,Corrugated box 18in v1,L
SKU-1006,Bubble mailer 50pk v1,M
SKU-1007,Zip ties 100pk v1,S
SKU-1008,Safety vest v1,S
SKU-1009,Pallet label v1,S
SKU-1010,Void fill bag v1,L
SKU-1011,Desiccant pack v1,S
SKU-1012,Box cutter v1,S
SKU-1013,Hand truck wheel v1,M
SKU-1014,Barcode scanner battery v1,S
SKU-1015,Nitrile gloves box v2,S
SKU-1016,Packing tape roll v2,S
SKU-1017,Shipping label pack v2,S
SKU-1018,Stretch wrap roll v2,M
SKU-1019,Corrugated box 12in v2,M
SKU-1020,Corrugated box 18in v2,L
SKU-1021,Bubble mailer 50pk v2,M
SKU-1022,Zip ties 100pk v2,S
SKU-1023,Safety vest v2,S
SKU-1024,Pallet label v2,S
SKU-1025,Void fill bag v2,L
SKU-1026,Desiccant pack v2,S
SKU-1027,Box cutter v2,S
SKU-1028,Hand truck wheel v2,M
SKU-1029,Barcode scanner battery v2,S
SKU-1030,Nitrile gloves box v3,S
SKU-1031,Packing tape roll v3,S
SKU-1032,Shipping label pack v3,S
SKU-1033,Stretch wrap roll v3,M
SKU-1034,Corrugated box 12in v3,M
SKU-1035,Corrugated box 18in v3,L
SKU-1036,Bubble mailer 50pk v3,M
SKU-1037,Zip ties 100pk v3,S
SKU-1038,Safety vest v3,S
SKU-1039,Pallet label v3,S
SKU-1040,Void fill bag v3,L
SKU-1041,Desiccant pack v3,S
SKU-1042,Box cutter v3,S
SKU-1043,Hand truck wheel v3,M
SKU-1044,Barcode scanner battery v3,S
SKU-1045,Nitrile gloves box v4,S
SKU-1046,Packing tape roll v4,S
SKU-1047,Shipping label pack v4,S
SKU-1048,Stretch wrap roll v4,M
SKU-1049,Corrugated box 12in v4,M
SKU-1050,Corrugated box 18in v4,L
SKU-1051,Bubble mailer 50pk v4,M
SKU-1052,Zip ties 100pk v4,S
SKU-1053,Safety vest v4,S
SKU-1054,Pallet label v4,S
SKU-1055,Void fill bag v4,L
SKU-1056,Desiccant pack v4,S
SKU-1057,Box cutter v4,S
SKU-1058,Hand truck wheel v4,M
SKU-1059,Barcode scanner battery v4,S
