account_id,cohort,plan,seats,billing,onboarding_completed,active_days_first30,integrations_first30,support_tickets_first30,churn_month
A0001,1,team,24,monthly,1,22,1,0,
A0002,1,team,24,monthly,0,13,0,1,3
A0003,1,team,8,monthly,1,21,1,3,
A0004,1,starter,2,annual,1,17,0,0,
A0005,1,starter,4,annual,0,0,0,0,12
A0006,1,team,10,monthly,0,6,0,1,
A0007,1,team,25,annual,1,14,1,2,
A0008,1,business,27,annual,0,5,0,3,
A0009,1,team,10,monthly,1,12,1,0,
A0010,1,starter,3,monthly,1,16,1,0,7
A0011,1,starter,1,monthly,1,19,1,1,
A0012,1,team,13,monthly,1,26,0,1,
A0013,1,starter,3,monthly,0,10,2,0,9
A0014,1,starter,1,monthly,0,10,0,0,2
A0015,1,starter,1,monthly,0,4,1,0,1
A0016,1,team,23,monthly,1,30,1,1,
A0017,1,team,15,monthly,1,17,1,1,
A0018,1,starter,5,monthly,0,6,0,1,1
A0019,1,team,10,monthly,1,20,1,2,
A0020,1,team,6,monthly,1,17,0,0,
A0021,1,team,13,annual,1,22,1,0,
A0022,1,team,9,monthly,1,22,2,0,
A0023,1,starter,1,monthly,1,9,1,1,1
A0024,1,starter,2,monthly,1,16,2,1,
A0025,1,team,7,monthly,1,20,0,0,
A0026,1,starter,5,monthly,0,9,0,0,
A0027,1,business,32,monthly,1,18,0,0,
A0028,1,business,81,monthly,1,19,0,0,
A0029,1,starter,5,monthly,0,11,2,0,
A0030,1,team,6,annual,1,18,1,1,
A0031,1,starter,2,monthly,1,15,2,1,
A0032,1,team,14,monthly,0,7,0,0,3
A0033,1,starter,1,monthly,0,11,0,1,1
A0034,1,team,13,monthly,0,11,1,0,
A0035,1,team,9,monthly,0,11,0,2,1
A0036,1,business,24,annual,1,13,1,3,
A0037,1,starter,1,annual,0,4,0,1,
A0038,1,starter,3,monthly,1,25,1,0,
A0039,1,team,12,annual,1,9,0,0,
A0040,1,team,25,monthly,1,8,0,1,
A0041,1,starter,2,monthly,0,18,0,1,4
A0042,1,starter,1,monthly,1,14,2,0,
A0043,1,team,11,monthly,1,21,0,0,
A0044,1,starter,4,monthly,1,14,1,0,5
A0045,1,business,50,annual,1,18,0,1,
A0046,1,team,8,annual,1,12,1,2,
A0047,1,business,118,annual,0,16,0,3,
A0048,1,starter,4,annual,0,14,0,2,
A0049,1,team,17,monthly,0,12,0,1,
A0050,1,team,24,monthly,0,8,0,1,
A0051,1,starter,3,monthly,0,11,0,1,
A0052,1,starter,3,annual,0,10,0,2,
A0053,1,starter,5,monthly,1,6,1,1,1
A0054,1,business,84,annual,0,5,0,0,1
A0055,1,team,15,annual,0,9,0,0,
A0056,1,team,18,monthly,1,24,2,1,
A0057,1,starter,4,monthly,0,1,0,1,3
A0058,1,team,7,monthly,1,12,1,0,
A0059,1,starter,2,monthly,1,17,2,1,
A0060,1,business,34,annual,1,17,0,1,
A0061,1,starter,2,monthly,1,12,0,0,
A0062,2,team,14,monthly,1,23,2,1,
A0063,2,team,8,monthly,1,11,0,0,
A0064,2,business,67,annual,1,19,1,0,
A0065,2,team,17,monthly,0,17,0,0,4
A0066,2,starter,2,annual,0,11,0,0,
A0067,2,team,13,monthly,1,15,2,0,
A0068,2,starter,2,monthly,1,13,0,0,
A0069,2,team,23,annual,1,20,1,4,
A0070,2,team,5,monthly,0,12,0,3,1
A0071,2,team,10,annual,0,8,0,1,
A0072,2,team,12,monthly,1,21,1,2,
A0073,2,starter,1,monthly,0,15,1,0,1
A0074,2,business,28,annual,0,8,0,1,
A0075,2,starter,5,monthly,1,21,0,0,
A0076,2,starter,4,monthly,1,16,1,1,
A0077,2,starter,1,monthly,0,9,0,3,1
A0078,2,starter,2,monthly,0,2,0,1,3
A0079,2,business,27,monthly,1,21,1,2,
A0080,2,business,53,monthly,1,25,1,2,
A0081,2,team,17,monthly,1,16,1,1,
A0082,2,team,22,monthly,0,7,1,0,1
A0083,2,starter,1,monthly,0,11,0,1,1
A0084,2,starter,4,monthly,1,8,2,1,1
A0085,2,starter,4,monthly,0,2,1,0,4
A0086,2,team,17,monthly,0,7,0,0,9
A0087,2,team,9,annual,1,22,2,2,
A0088,2,starter,1,monthly,0,23,0,0,
A0089,2,team,9,monthly,1,24,1,0,
A0090,2,business,112,annual,0,15,0,1,
A0091,2,team,18,monthly,1,22,0,0,
A0092,2,business,105,monthly,1,24,0,2,3
A0093,2,starter,4,monthly,1,12,0,0,
A0094,2,team,11,monthly,0,11,0,2,1
A0095,2,starter,3,monthly,0,9,0,1,1
A0096,2,team,21,monthly,0,1,0,0,5
A0097,2,business,41,monthly,1,12,1,1,
A0098,2,team,18,monthly,0,11,0,1,3
A0099,2,starter,2,monthly,1,13,1,2,4
A0100,2,team,12,monthly,0,17,0,0,5
A0101,2,team,20,monthly,1,16,1,0,
A0102,2,business,58,monthly,1,21,0,3,
A0103,2,team,7,annual,1,20,0,1,
A0104,2,team,8,monthly,0,15,0,1,2
A0105,2,starter,4,monthly,0,4,0,0,1
A0106,2,starter,4,monthly,1,9,1,0,7
A0107,2,starter,5,monthly,0,11,0,0,1
A0108,2,team,22,monthly,0,14,0,0,1
A0109,2,starter,3,monthly,1,14,3,1,
A0110,2,team,22,annual,1,13,0,1,2
A0111,2,team,5,monthly,1,20,0,0,9
A0112,2,starter,1,monthly,0,21,0,1,4
A0113,2,starter,3,monthly,1,18,0,0,
A0114,2,team,18,monthly,0,12,0,0,
A0115,2,team,24,monthly,0,13,1,0,
A0116,2,business,45,annual,0,17,0,0,
A0117,2,starter,2,monthly,0,0,0,3,1
A0118,2,business,78,monthly,1,15,1,1,
A0119,2,starter,1,monthly,0,5,0,0,1
A0120,2,starter,4,monthly,1,14,0,1,10
A0121,2,team,15,annual,0,13,0,0,
A0122,2,team,13,annual,1,26,1,1,
A0123,2,team,21,monthly,1,24,1,1,
A0124,2,starter,3,monthly,1,15,1,2,
A0125,2,starter,2,monthly,0,6,0,2,1
A0126,2,starter,3,monthly,0,10,1,0,1
A0127,2,starter,2,monthly,1,13,1,0,
A0128,2,starter,4,monthly,0,11,0,0,3
A0129,2,starter,2,monthly,0,4,0,1,3
A0130,2,starter,3,monthly,0,17,0,0,5
A0131,2,business,72,annual,1,20,1,2,
A0132,2,team,15,annual,1,21,1,3,
A0133,2,team,6,monthly,1,21,1,0,
A0134,2,team,23,monthly,0,11,1,1,2
A0135,2,starter,4,monthly,0,1,1,2,2
A0136,2,team,13,annual,1,25,0,1,
A0137,2,business,58,annual,1,19,1,0,
A0138,2,starter,2,monthly,0,8,0,0,2
A0139,2,starter,4,monthly,0,10,0,0,3
A0140,3,business,98,monthly,0,10,0,0,4
A0141,3,starter,3,annual,0,9,1,1,
A0142,3,starter,5,monthly,1,9,0,0,3
A0143,3,starter,3,annual,0,10,0,0,
A0144,3,starter,3,monthly,1,16,0,0,
A0145,3,starter,4,annual,0,17,1,0,
A0146,3,team,18,monthly,1,20,1,0,
A0147,3,team,25,monthly,0,13,1,0,4
A0148,3,starter,2,monthly,1,18,0,1,1
A0149,3,business,67,monthly,0,17,2,1,
A0150,3,starter,3,monthly,1,13,0,0,
A0151,3,team,14,monthly,0,16,0,1,10
A0152,3,business,27,annual,1,12,2,0,
A0153,3,team,23,monthly,1,19,1,1,
A0154,3,team,5,monthly,1,20,1,0,
A0155,3,starter,4,monthly,1,19,0,2,2
A0156,3,team,16,monthly,1,13,2,2,
A0157,3,team,24,monthly,1,21,1,1,5
A0158,3,starter,3,monthly,0,5,1,0,
A0159,3,starter,3,monthly,0,8,0,0,2
A0160,3,team,6,monthly,0,19,0,2,
A0161,3,starter,5,monthly,1,21,1,0,
A0162,3,starter,2,monthly,1,24,1,3,2
A0163,3,starter,4,monthly,1,12,2,2,2
A0164,3,team,5,monthly,0,15,1,0,
A0165,3,business,57,monthly,0,7,1,0,
A0166,3,team,5,monthly,1,17,2,1,
A0167,3,starter,2,monthly,0,7,0,2,9
A0168,3,starter,4,monthly,0,6,0,1,1
A0169,3,team,17,annual,0,13,0,1,
A0170,3,starter,3,monthly,0,4,0,0,1
A0171,3,business,109,monthly,0,13,0,0,
A0172,3,business,56,annual,1,11,3,0,
A0173,3,business,95,annual,1,20,2,2,
A0174,3,team,16,annual,1,30,0,1,
A0175,3,team,5,monthly,1,23,0,2,
A0176,3,business,99,annual,1,11,1,1,
A0177,3,team,16,monthly,1,8,2,0,5
A0178,3,team,12,monthly,0,18,0,0,
A0179,3,team,8,monthly,0,12,0,0,
A0180,3,team,14,annual,1,15,1,1,
A0181,3,business,97,annual,1,21,2,0,
A0182,3,team,22,monthly,0,21,0,0,4
A0183,3,starter,5,monthly,1,16,1,0,
A0184,3,team,16,annual,0,15,0,1,
A0185,3,team,18,monthly,0,11,0,1,3
A0186,3,team,16,annual,0,4,0,1,
A0187,3,starter,2,annual,0,13,0,0,
A0188,3,business,63,monthly,1,21,2,0,
A0189,3,team,25,annual,0,7,0,2,
A0190,3,team,20,monthly,1,19,1,0,
A0191,3,starter,1,monthly,1,25,1,2,
A0192,3,team,7,monthly,1,22,1,0,
A0193,3,starter,5,monthly,1,13,1,0,
A0194,3,team,15,monthly,1,24,0,0,5
A0195,3,starter,1,monthly,0,2,0,1,2
A0196,3,team,23,monthly,0,13,0,2,
A0197,3,starter,1,monthly,0,0,1,3,5
A0198,3,business,115,annual,1,17,1,0,
A0199,3,starter,3,annual,0,3,0,2,
A0200,3,starter,2,monthly,0,18,1,2,
A0201,3,team,10,monthly,0,11,0,3,5
A0202,3,starter,2,monthly,1,9,0,0,4
A0203,3,team,20,monthly,1,16,1,0,
A0204,3,business,61,monthly,1,18,1,0,
A0205,3,business,117,annual,0,10,0,0,
A0206,3,starter,3,monthly,0,11,0,0,1
A0207,3,starter,4,monthly,0,10,0,1,2
A0208,3,team,20,annual,1,16,1,1,
A0209,3,starter,2,monthly,1,17,2,0,
A0210,3,team,7,monthly,0,12,0,0,1
A0211,4,business,32,monthly,1,14,0,0,
A0212,4,starter,3,monthly,0,10,1,1,1
A0213,4,starter,1,monthly,1,12,2,0,
A0214,4,starter,5,monthly,1,14,1,0,
A0215,4,starter,2,monthly,0,3,1,0,9
A0216,4,business,65,annual,1,22,0,2,
A0217,4,team,16,monthly,1,22,1,2,
A0218,4,starter,2,monthly,0,11,0,2,6
A0219,4,team,6,monthly,0,7,0,1,3
A0220,4,business,101,annual,1,30,0,2,
A0221,4,starter,1,monthly,0,10,1,4,1
A0222,4,starter,1,monthly,1,19,0,0,6
A0223,4,starter,2,monthly,1,18,3,0,
A0224,4,team,13,monthly,0,14,0,0,1
A0225,4,team,14,monthly,0,4,1,1,5
A0226,4,team,12,annual,1,24,1,1,
A0227,4,business,39,monthly,1,17,0,1,
A0228,4,team,12,monthly,0,14,1,1,
A0229,4,business,95,monthly,0,8,1,2,
A0230,4,starter,5,monthly,0,5,1,0,2
A0231,4,team,21,monthly,1,24,1,2,
A0232,4,team,14,monthly,0,11,0,2,2
A0233,4,starter,2,monthly,1,16,0,0,
A0234,4,team,13,annual,0,12,0,1,2
A0235,4,starter,2,monthly,1,15,1,0,
A0236,4,team,6,monthly,1,18,1,1,
A0237,4,team,12,monthly,0,10,0,1,5
A0238,4,starter,5,monthly,0,8,0,0,9
A0239,4,starter,3,monthly,0,3,0,2,4
A0240,4,starter,3,monthly,1,8,0,2,1
A0241,4,team,20,annual,0,12,2,2,
A0242,4,starter,3,annual,0,4,0,2,
A0243,4,team,7,monthly,1,30,1,1,
A0244,4,team,5,annual,1,12,0,0,
A0245,4,starter,2,annual,0,11,0,0,
A0246,4,starter,1,monthly,1,20,1,1,9
A0247,4,business,31,monthly,1,18,2,1,
A0248,4,starter,2,monthly,0,12,0,0,
A0249,4,starter,5,monthly,0,14,0,0,2
A0250,4,starter,2,monthly,1,16,0,0,
A0251,4,team,19,monthly,1,13,1,0,
A0252,4,starter,5,annual,0,11,0,0,
A0253,4,team,10,monthly,0,16,0,0,4
A0254,4,starter,3,monthly,0,8,0,0,1
A0255,4,team,13,monthly,1,27,0,1,
A0256,4,business,118,annual,1,23,1,2,
A0257,4,starter,5,monthly,0,7,0,0,7
A0258,4,team,12,annual,1,13,0,0,
A0259,4,starter,4,monthly,0,9,0,0,4
A0260,4,business,113,annual,1,27,1,0,
A0261,4,business,87,annual,1,18,0,0,
A0262,4,team,10,annual,1,20,0,0,3
A0263,4,team,9,annual,0,13,0,0,
A0264,4,starter,2,monthly,1,13,2,0,
A0265,4,starter,2,monthly,1,19,0,2,
A0266,4,team,15,monthly,1,22,1,1,
A0267,4,starter,2,monthly,1,6,2,1,
A0268,4,starter,5,annual,1,20,0,0,
A0269,4,team,9,monthly,1,14,1,1,
A0270,4,team,17,monthly,0,16,0,2,
A0271,4,team,8,annual,0,13,0,1,
A0272,4,team,6,monthly,0,8,1,0,
A0273,4,team,7,monthly,1,15,0,2,
A0274,4,starter,1,monthly,1,9,0,0,6
A0275,4,starter,5,annual,0,11,0,0,
A0276,4,team,8,monthly,0,1,0,2,2
A0277,4,team,25,monthly,1,21,0,1,
A0278,4,starter,4,monthly,1,16,2,0,
A0279,4,starter,1,monthly,0,7,0,0,2
A0280,4,starter,3,monthly,0,11,2,0,
A0281,4,business,21,annual,1,28,2,1,
A0282,4,team,5,annual,1,14,1,1,
A0283,4,team,9,monthly,1,22,1,0,
A0284,4,starter,4,monthly,1,17,0,1,3
A0285,4,starter,2,monthly,1,21,0,0,
A0286,4,starter,2,annual,0,12,1,0,
A0287,4,starter,2,monthly,0,6,0,1,1
A0288,4,team,25,monthly,1,10,1,3,
A0289,4,starter,3,monthly,0,12,0,1,3
A0290,4,team,16,monthly,1,22,1,1,
A0291,4,starter,1,monthly,1,20,2,0,
A0292,4,starter,1,monthly,1,17,3,0,
A0293,4,starter,5,monthly,0,7,0,1,
A0294,5,team,17,monthly,0,15,0,1,
A0295,5,starter,3,monthly,1,16,2,0,
A0296,5,starter,3,monthly,0,12,0,1,6
A0297,5,starter,2,monthly,0,11,0,2,2
A0298,5,business,52,annual,1,14,2,2,
A0299,5,business,112,annual,0,14,0,0,
A0300,5,team,7,monthly,1,18,2,0,
A0301,5,starter,3,monthly,1,10,0,2,
A0302,5,starter,2,monthly,0,15,0,0,5
A0303,5,team,23,annual,0,5,1,2,
A0304,5,starter,4,monthly,0,7,0,1,5
A0305,5,team,25,monthly,0,4,0,3,1
A0306,5,business,110,annual,0,14,0,3,
A0307,5,starter,4,monthly,1,13,1,1,
A0308,5,team,24,monthly,1,21,3,4,
A0309,5,starter,4,monthly,1,16,2,0,7
A0310,5,team,5,monthly,1,19,1,0,
A0311,5,starter,1,monthly,0,8,1,0,
A0312,5,team,19,monthly,0,15,1,1,
A0313,5,starter,2,monthly,0,14,0,1,7
A0314,5,team,23,monthly,1,19,0,3,2
A0315,5,starter,3,monthly,1,14,0,3,4
A0316,5,business,85,monthly,1,21,2,0,
A0317,5,starter,3,monthly,0,8,1,1,
A0318,5,team,9,annual,1,18,1,0,
A0319,5,team,18,monthly,1,11,0,0,3
A0320,5,team,22,annual,1,12,0,0,
A0321,5,team,16,annual,1,24,0,2,
A0322,5,business,80,monthly,1,11,0,2,
A0323,5,team,18,annual,0,16,0,1,
A0324,5,starter,2,monthly,1,14,0,0,
A0325,5,business,91,annual,0,4,0,1,
A0326,5,starter,1,annual,1,12,0,0,
A0327,5,starter,2,annual,1,7,2,0,
A0328,5,business,101,monthly,0,4,1,0,1
A0329,5,team,9,annual,1,17,0,1,
A0330,5,team,8,monthly,1,20,0,2,
A0331,5,starter,5,monthly,0,6,1,2,
A0332,5,starter,1,monthly,0,15,1,0,4
A0333,5,starter,3,monthly,0,19,0,2,1
A0334,5,starter,1,monthly,0,13,0,0,3
A0335,5,starter,5,monthly,0,14,0,0,1
A0336,5,starter,3,annual,1,17,1,0,
A0337,5,starter,3,monthly,0,8,0,1,3
A0338,5,starter,1,monthly,0,7,0,1,1
A0339,5,starter,5,monthly,1,15,2,1,
A0340,5,team,12,monthly,1,21,0,0,
A0341,5,starter,3,annual,1,13,1,1,
A0342,5,team,25,monthly,0,12,0,1,
A0343,5,team,14,annual,0,17,0,0,
A0344,5,starter,2,annual,0,9,0,2,6
A0345,5,starter,4,annual,0,4,0,2,7
A0346,5,starter,4,monthly,1,7,2,2,
A0347,5,starter,5,monthly,0,8,0,1,3
A0348,5,team,15,monthly,0,13,0,0,
A0349,5,starter,5,monthly,0,18,1,1,
A0350,5,starter,4,annual,1,22,1,1,
A0351,5,team,12,annual,1,12,1,2,
A0352,5,team,9,monthly,1,14,1,3,3
A0353,5,team,20,annual,0,16,0,0,
A0354,5,starter,5,monthly,0,13,0,1,2
A0355,5,starter,4,monthly,1,20,1,1,
A0356,5,team,20,monthly,1,21,1,0,
A0357,5,starter,5,monthly,1,24,1,0,
A0358,5,starter,2,monthly,1,26,1,0,
A0359,5,starter,3,monthly,1,23,1,1,4
A0360,5,starter,2,monthly,0,12,0,2,3
A0361,5,starter,5,monthly,0,12,0,2,2
A0362,5,starter,4,annual,0,9,0,1,7
A0363,5,team,25,annual,1,17,1,0,
A0364,5,business,85,annual,1,30,1,1,
A0365,5,starter,5,monthly,0,7,1,3,4
A0366,5,team,16,monthly,0,14,0,1,
A0367,5,starter,4,annual,1,15,1,1,
A0368,5,team,7,monthly,1,19,0,1,
A0369,5,team,7,monthly,0,14,0,2,
A0370,5,starter,4,monthly,1,14,1,0,
A0371,6,starter,3,monthly,0,10,0,1,6
A0372,6,team,12,monthly,1,29,0,0,
A0373,6,starter,5,monthly,0,7,0,0,3
A0374,6,business,76,monthly,1,13,2,1,
A0375,6,business,100,monthly,1,20,1,1,
A0376,6,starter,2,monthly,0,12,0,2,
A0377,6,team,20,monthly,1,15,0,0,
A0378,6,team,6,monthly,1,14,2,0,
A0379,6,starter,3,monthly,1,8,0,0,5
A0380,6,business,48,monthly,1,18,1,1,
A0381,6,team,9,annual,0,12,0,0,
A0382,6,team,23,monthly,1,22,1,0,
A0383,6,team,18,annual,1,15,0,2,
A0384,6,starter,5,monthly,0,5,0,0,2
A0385,6,starter,4,monthly,1,18,1,1,
A0386,6,team,24,monthly,0,12,0,3,5
A0387,6,team,11,monthly,0,14,0,0,
A0388,6,team,22,annual,1,22,2,0,
A0389,6,starter,1,monthly,0,4,0,1,1
A0390,6,business,101,monthly,1,15,1,0,
A0391,6,starter,2,annual,1,12,1,0,
A0392,6,team,7,annual,0,8,1,2,
A0393,6,starter,4,monthly,1,27,2,0,
A0394,6,team,10,annual,1,14,0,0,
A0395,6,starter,3,monthly,0,19,0,1,
A0396,6,starter,4,monthly,0,11,0,3,3
A0397,6,team,13,annual,1,5,2,0,
A0398,6,starter,3,monthly,1,19,1,1,
A0399,6,team,21,monthly,1,27,1,0,
A0400,6,starter,5,monthly,1,16,1,0,
A0401,6,starter,1,monthly,1,23,1,1,
A0402,6,business,67,monthly,0,12,0,0,3
A0403,6,team,8,annual,0,7,0,0,
A0404,6,starter,3,monthly,1,13,1,0,
A0405,6,team,10,annual,1,19,1,1,
A0406,6,team,21,annual,1,17,0,1,
A0407,6,business,116,monthly,0,11,0,1,
A0408,6,starter,4,monthly,1,11,0,1,1
A0409,6,business,91,annual,1,18,3,2,
A0410,6,team,21,annual,1,11,1,2,
A0411,6,team,22,monthly,0,15,0,0,
A0412,6,team,20,annual,1,19,1,3,
A0413,6,starter,1,monthly,0,7,0,2,1
A0414,6,starter,5,monthly,0,10,0,2,3
A0415,6,team,24,annual,1,18,2,1,
A0416,6,starter,3,monthly,1,12,1,0,
A0417,6,starter,4,annual,1,6,0,1,
A0418,6,starter,2,monthly,0,14,0,0,1
A0419,6,starter,4,monthly,0,11,1,1,2
A0420,6,starter,1,monthly,1,13,1,0,2
A0421,6,starter,2,monthly,0,7,0,2,1
A0422,6,team,9,monthly,1,17,0,2,2
A0423,6,starter,1,annual,0,7,0,1,
A0424,6,team,12,annual,1,15,1,1,
A0425,6,starter,2,monthly,0,16,0,0,
A0426,6,team,21,monthly,1,14,0,1,3
A0427,6,team,24,monthly,1,13,2,2,
A0428,6,team,12,monthly,1,19,0,1,
A0429,6,team,19,monthly,1,23,2,1,
A0430,6,starter,5,monthly,1,14,1,1,
A0431,6,starter,2,monthly,1,17,0,1,7
A0432,6,starter,4,monthly,0,12,1,0,
A0433,6,team,12,annual,0,7,0,0,
A0434,6,starter,4,monthly,0,16,0,2,6
A0435,6,business,112,monthly,0,10,0,2,
A0436,6,team,20,monthly,0,11,0,3,
A0437,6,team,7,monthly,1,25,2,0,
A0438,6,team,16,monthly,1,21,3,1,
A0439,6,business,108,annual,0,13,1,2,
A0440,6,starter,3,monthly,0,7,0,0,1
A0441,6,starter,3,monthly,0,14,0,0,
A0442,6,starter,3,annual,1,19,0,0,
A0443,6,team,7,annual,1,18,0,2,
A0444,6,business,70,monthly,1,18,1,1,
A0445,6,starter,5,monthly,1,12,0,1,
A0446,6,starter,3,monthly,1,15,2,0,
A0447,6,starter,2,annual,0,9,0,2,
A0448,6,team,10,monthly,0,15,0,0,1
A0449,6,starter,4,annual,0,6,1,0,
A0450,6,starter,2,monthly,0,12,1,2,3
A0451,6,starter,4,annual,1,18,0,0,
A0452,6,starter,4,annual,0,10,0,4,
A0453,6,starter,4,monthly,1,19,1,2,
A0454,6,starter,2,monthly,1,28,1,0,
A0455,6,team,22,annual,0,13,0,2,
A0456,6,starter,1,monthly,0,0,0,1,4
A0457,6,business,25,annual,1,18,1,2,
A0458,6,team,9,monthly,1,21,1,0,
A0459,6,starter,2,monthly,0,17,0,1,
A0460,6,team,22,monthly,1,29,2,1,
A0461,6,starter,1,monthly,0,9,0,0,2
A0462,6,starter,5,monthly,0,10,0,2,5
A0463,7,starter,5,monthly,0,0,1,1,2
A0464,7,business,27,monthly,0,7,1,1,4
A0465,7,starter,4,monthly,0,10,0,0,1
A0466,7,starter,2,monthly,1,23,0,0,3
A0467,7,business,65,annual,1,22,2,1,
A0468,7,team,11,monthly,0,7,0,0,1
A0469,7,team,5,monthly,1,22,1,2,
A0470,7,starter,4,annual,0,5,0,1,2
A0471,7,team,6,monthly,1,13,0,1,
A0472,7,team,21,annual,1,19,0,0,
A0473,7,team,8,monthly,1,24,0,0,
A0474,7,team,13,monthly,0,13,0,0,3
A0475,7,business,20,monthly,1,28,1,1,
A0476,7,team,11,monthly,1,12,1,0,
A0477,7,starter,2,monthly,1,17,0,0,2
A0478,7,business,112,annual,1,15,0,1,
A0479,7,starter,3,monthly,0,1,1,1,1
A0480,7,starter,5,monthly,1,21,2,1,
A0481,7,starter,2,monthly,0,15,0,0,
A0482,7,business,89,annual,1,21,1,1,
A0483,7,team,7,annual,1,9,0,0,
A0484,7,team,14,monthly,1,19,1,0,
A0485,7,starter,4,monthly,0,11,2,1,
A0486,7,team,24,monthly,1,18,1,1,
A0487,7,team,10,monthly,1,18,1,1,
A0488,7,team,15,annual,0,11,1,1,
A0489,7,team,6,annual,1,17,0,0,
A0490,7,business,99,annual,1,27,2,0,
A0491,7,team,11,monthly,1,25,1,1,3
A0492,7,starter,1,monthly,0,11,0,1,
A0493,7,starter,1,monthly,1,5,1,0,1
A0494,7,team,25,annual,1,27,1,0,
A0495,7,team,25,monthly,0,8,0,1,5
A0496,7,team,6,monthly,0,6,0,1,6
A0497,7,starter,1,monthly,1,25,0,1,
A0498,7,business,21,annual,0,11,0,0,
A0499,7,starter,4,monthly,1,19,0,0,5
A0500,7,starter,2,monthly,1,14,1,0,2
A0501,7,starter,2,monthly,0,10,0,2,6
A0502,7,business,30,monthly,1,15,0,3,
A0503,7,team,13,monthly,1,11,1,0,
A0504,7,business,50,annual,1,21,2,2,
A0505,7,starter,2,monthly,1,21,1,1,
A0506,7,team,6,monthly,1,19,1,0,
A0507,7,starter,3,monthly,0,8,0,0,5
A0508,7,starter,1,monthly,0,18,0,0,
A0509,7,starter,1,monthly,1,19,1,0,
A0510,7,team,24,annual,1,8,1,1,
A0511,7,starter,5,monthly,1,23,1,1,
A0512,7,business,88,monthly,0,15,1,0,6
A0513,7,team,23,annual,1,20,2,1,
A0514,7,team,21,monthly,1,17,1,0,
A0515,7,business,74,annual,0,11,1,0,
A0516,7,starter,1,monthly,1,17,1,0,
A0517,7,team,10,annual,0,10,0,1,
A0518,7,team,21,monthly,0,10,0,0,
A0519,7,business,70,monthly,1,28,1,2,
A0520,7,team,19,monthly,1,21,2,2,3
A0521,7,team,16,monthly,0,18,0,1,2
A0522,7,business,115,annual,1,22,1,0,
A0523,7,team,8,annual,1,17,1,3,
A0524,7,starter,1,monthly,0,17,2,0,
A0525,7,team,7,annual,1,15,0,1,
A0526,7,business,51,annual,0,19,2,0,
A0527,7,starter,1,monthly,1,5,1,0,6
A0528,7,starter,4,monthly,1,13,2,0,
A0529,7,business,89,monthly,0,5,0,0,1
A0530,7,starter,5,monthly,1,14,1,0,
A0531,7,team,15,monthly,0,9,0,0,2
A0532,7,starter,1,monthly,0,11,0,2,2
A0533,7,starter,4,annual,1,18,1,1,
A0534,7,starter,3,monthly,0,15,0,0,
A0535,7,team,15,monthly,1,26,2,0,
A0536,7,team,23,monthly,1,7,1,0,
A0537,7,business,39,annual,0,9,1,0,
A0538,7,starter,4,monthly,0,13,0,4,
A0539,7,starter,2,annual,1,20,1,1,
A0540,7,starter,5,monthly,1,7,0,0,
A0541,7,starter,2,monthly,0,8,0,3,1
A0542,7,starter,2,monthly,0,2,0,2,2
A0543,8,team,11,annual,1,15,2,1,
A0544,8,starter,4,annual,1,20,0,0,
A0545,8,starter,5,monthly,0,9,0,1,2
A0546,8,team,15,annual,1,17,1,2,
A0547,8,team,13,monthly,1,23,0,0,
A0548,8,team,5,annual,1,12,1,1,
A0549,8,starter,5,monthly,0,17,0,3,2
A0550,8,business,57,annual,1,6,1,0,
A0551,8,starter,2,monthly,0,4,0,2,2
A0552,8,starter,3,monthly,0,8,0,3,1
A0553,8,starter,5,monthly,0,4,3,1,
A0554,8,business,114,monthly,0,21,1,0,
A0555,8,starter,4,monthly,1,17,1,1,2
A0556,8,starter,3,monthly,1,20,1,0,
A0557,8,team,6,monthly,1,22,0,2,
A0558,8,team,13,monthly,1,21,0,1,
A0559,8,starter,5,monthly,1,13,0,1,
A0560,8,starter,5,monthly,0,7,0,1,5
A0561,8,team,22,monthly,0,9,0,1,3
A0562,8,team,7,monthly,1,21,0,1,5
A0563,8,starter,2,monthly,0,7,0,0,1
A0564,8,starter,4,monthly,0,13,0,0,
A0565,8,starter,4,annual,0,14,0,1,
A0566,8,starter,4,monthly,1,15,1,0,
A0567,8,business,103,annual,1,20,1,1,
A0568,8,starter,3,monthly,0,5,0,0,
A0569,8,starter,2,monthly,0,9,0,0,
A0570,8,business,85,monthly,1,11,2,2,
A0571,8,starter,3,monthly,1,13,2,1,
A0572,8,starter,4,monthly,0,7,0,0,1
A0573,8,team,5,monthly,1,18,0,0,
A0574,8,starter,1,monthly,0,12,0,0,
A0575,8,starter,2,monthly,0,1,0,1,1
A0576,8,team,13,annual,1,23,1,0,
A0577,8,team,23,annual,0,14,0,0,
A0578,8,team,23,monthly,1,20,0,0,
A0579,8,team,8,monthly,1,17,1,2,
A0580,8,starter,4,monthly,0,12,0,1,2
A0581,8,team,18,monthly,0,17,0,1,2
A0582,8,team,12,annual,1,18,0,0,
A0583,8,starter,5,monthly,0,20,1,1,
A0584,8,starter,4,monthly,1,14,0,0,
A0585,8,team,9,monthly,1,19,0,1,
A0586,8,starter,3,monthly,1,18,1,1,
A0587,8,starter,1,annual,0,5,0,0,
A0588,8,team,8,annual,0,11,0,2,
A0589,8,team,21,monthly,0,13,0,2,2
A0590,8,business,112,monthly,1,13,1,2,
A0591,8,team,25,monthly,0,9,1,1,3
A0592,8,team,12,monthly,1,14,2,0,
A0593,8,starter,3,monthly,1,30,2,1,
A0594,8,team,12,annual,1,26,2,1,
A0595,8,starter,2,monthly,1,16,1,0,
A0596,8,team,9,monthly,1,25,1,0,
A0597,8,starter,1,monthly,1,8,0,0,5
A0598,8,starter,4,monthly,1,14,1,2,2
A0599,8,team,7,monthly,1,15,1,1,
A0600,8,starter,1,monthly,1,24,2,3,
A0601,8,team,5,annual,1,23,1,0,
A0602,8,starter,2,monthly,1,10,1,0,5
A0603,8,team,16,monthly,1,10,1,0,
A0604,8,team,8,monthly,0,9,1,1,
A0605,8,team,6,monthly,1,27,2,0,
A0606,8,starter,2,annual,0,11,1,0,
A0607,8,starter,2,annual,1,20,1,3,
A0608,8,starter,4,monthly,0,14,1,1,
A0609,8,business,73,annual,1,22,0,1,
A0610,8,starter,5,monthly,1,10,0,1,
A0611,8,team,25,annual,1,12,0,0,
A0612,8,starter,4,monthly,1,23,1,1,
A0613,8,team,16,monthly,1,15,2,3,
A0614,8,business,120,monthly,0,19,0,2,
A0615,8,business,110,monthly,0,5,0,0,1
A0616,8,starter,2,monthly,1,4,1,2,4
A0617,8,starter,3,annual,0,15,0,2,
A0618,8,team,13,monthly,1,18,2,1,
A0619,8,starter,1,monthly,0,8,0,1,1
A0620,8,team,7,monthly,1,17,1,0,4
A0621,8,team,23,monthly,1,16,0,0,
A0622,8,team,19,annual,1,10,0,4,
A0623,8,business,21,annual,0,12,0,1,
A0624,8,team,24,monthly,1,24,1,3,
A0625,8,team,9,monthly,1,20,0,1,
A0626,8,starter,5,annual,0,11,0,3,
A0627,8,team,5,monthly,1,24,1,0,
A0628,8,starter,2,monthly,1,18,0,4,
A0629,8,team,19,monthly,0,19,0,1,
A0630,8,team,5,annual,0,9,0,0,
A0631,8,business,42,annual,1,17,1,3,
A0632,8,team,13,annual,1,12,1,1,
A0633,8,starter,4,monthly,1,15,0,0,
A0634,8,team,18,monthly,1,20,0,4,
A0635,9,business,54,annual,1,18,1,0,
A0636,9,starter,1,monthly,0,13,1,1,4
A0637,9,business,108,annual,1,24,1,3,
A0638,9,starter,5,monthly,0,9,1,1,
A0639,9,starter,5,annual,0,0,0,1,
A0640,9,starter,4,monthly,1,15,0,0,3
A0641,9,starter,2,monthly,0,3,0,2,2
A0642,9,starter,4,monthly,0,18,0,0,
A0643,9,team,20,monthly,0,5,0,2,3
A0644,9,business,38,annual,1,18,0,1,
A0645,9,starter,3,monthly,0,0,1,0,3
A0646,9,starter,4,monthly,0,4,0,0,4
A0647,9,business,34,annual,1,24,1,0,
A0648,9,starter,4,monthly,0,9,0,1,
A0649,9,team,11,monthly,1,14,1,0,
A0650,9,starter,3,monthly,0,8,0,2,1
A0651,9,starter,1,monthly,0,5,0,2,1
A0652,9,starter,2,monthly,1,17,1,0,
A0653,9,business,104,annual,1,22,0,0,
A0654,9,business,52,annual,0,5,0,0,
A0655,9,starter,2,monthly,1,14,0,2,1
A0656,9,starter,4,monthly,1,21,1,0,
A0657,9,team,20,monthly,0,9,0,2,2
A0658,9,team,14,monthly,1,16,0,1,1
A0659,9,business,94,monthly,1,21,1,0,
A0660,9,team,5,monthly,0,12,1,0,1
A0661,9,team,5,monthly,0,10,1,2,
A0662,9,starter,1,monthly,1,12,2,1,
A0663,9,starter,1,monthly,1,6,0,0,
A0664,9,starter,2,monthly,0,15,1,0,
A0665,9,team,15,monthly,1,20,1,3,4
A0666,9,team,7,monthly,1,27,0,0,
A0667,9,business,72,annual,1,12,1,1,
A0668,9,team,19,monthly,1,14,1,0,
A0669,9,team,12,annual,1,24,1,4,
A0670,9,team,18,annual,0,11,0,1,
A0671,9,starter,3,annual,1,13,2,1,
A0672,9,starter,5,monthly,0,1,0,0,1
A0673,9,team,19,monthly,1,24,1,0,
A0674,9,starter,5,monthly,0,6,0,0,2
A0675,9,starter,1,monthly,1,17,0,0,
A0676,9,starter,2,monthly,1,14,1,0,
A0677,9,business,62,monthly,0,13,0,2,3
A0678,9,starter,2,monthly,0,9,2,0,3
A0679,9,team,11,monthly,1,20,1,1,
A0680,9,starter,5,monthly,1,24,1,0,
A0681,9,team,24,annual,1,22,1,0,
A0682,9,starter,4,annual,0,11,0,1,
A0683,9,team,17,monthly,0,16,0,0,
A0684,9,starter,3,monthly,1,14,1,0,
A0685,9,team,17,monthly,1,12,1,1,3
A0686,9,business,31,annual,1,22,1,1,
A0687,9,starter,4,monthly,1,23,1,0,
A0688,9,team,6,annual,0,11,0,0,
A0689,9,team,25,annual,1,16,1,1,
A0690,9,starter,3,monthly,0,5,0,0,
A0691,9,team,10,annual,1,11,0,1,
A0692,9,team,24,monthly,0,0,0,0,3
A0693,9,team,25,monthly,0,18,1,1,
A0694,9,business,116,annual,1,19,1,0,
A0695,9,starter,4,monthly,1,18,2,0,
A0696,9,business,24,monthly,1,10,1,1,
A0697,9,team,11,annual,0,3,0,0,4
A0698,9,starter,5,monthly,0,8,1,0,2
A0699,9,team,18,monthly,1,23,1,0,
A0700,9,starter,5,monthly,1,13,0,0,
A0701,9,starter,3,monthly,0,9,0,1,
A0702,9,starter,3,monthly,0,10,0,1,
A0703,9,starter,4,monthly,0,6,0,2,
A0704,9,team,22,annual,0,3,0,2,1
A0705,9,team,13,monthly,1,16,1,1,4
A0706,9,starter,4,annual,1,14,1,2,
A0707,9,starter,3,monthly,0,8,0,0,2
A0708,9,starter,3,annual,0,11,1,1,
A0709,9,starter,3,monthly,1,11,1,3,4
A0710,9,team,13,monthly,1,15,1,0,2
A0711,9,starter,5,monthly,0,15,0,1,2
A0712,9,team,12,monthly,0,8,0,2,2
A0713,9,team,8,annual,0,20,0,0,
A0714,9,business,103,monthly,0,11,0,2,
A0715,9,team,24,monthly,1,7,2,2,
A0716,9,business,26,monthly,0,1,1,2,1
A0717,9,starter,4,monthly,1,11,1,2,4
A0718,9,team,19,monthly,1,10,0,0,
A0719,9,starter,4,monthly,1,19,2,0,
A0720,9,starter,5,monthly,1,14,2,0,
A0721,9,team,20,annual,1,30,1,0,
A0722,9,starter,1,monthly,1,23,0,0,2
A0723,10,starter,2,monthly,1,27,0,0,
A0724,10,starter,4,annual,0,4,0,2,1
A0725,10,starter,4,annual,1,19,1,2,
A0726,10,starter,3,monthly,1,16,0,0,2
A0727,10,starter,1,annual,0,0,1,0,
A0728,10,starter,5,annual,1,8,1,1,
A0729,10,starter,3,monthly,0,10,0,0,
A0730,10,business,85,monthly,1,17,2,3,
A0731,10,starter,1,monthly,1,10,1,0,
A0732,10,team,7,monthly,1,22,1,0,
A0733,10,business,20,annual,1,11,1,3,
A0734,10,business,94,annual,1,23,1,0,
A0735,10,starter,1,annual,0,21,0,0,
A0736,10,team,7,annual,1,14,1,1,
A0737,10,starter,2,monthly,0,11,0,2,1
A0738,10,team,6,monthly,1,23,2,2,
A0739,10,starter,4,monthly,0,9,1,1,
A0740,10,business,46,annual,1,14,0,0,
A0741,10,starter,4,monthly,1,25,1,0,
A0742,10,starter,1,monthly,1,21,0,3,
A0743,10,starter,1,monthly,0,13,0,2,2
A0744,10,starter,1,monthly,0,18,0,0,1
A0745,10,starter,2,monthly,0,7,0,0,3
A0746,10,starter,4,monthly,1,23,2,0,
A0747,10,team,8,monthly,1,23,2,0,
A0748,10,team,7,monthly,1,20,1,0,
A0749,10,starter,2,annual,0,10,0,0,
A0750,10,team,5,monthly,0,9,0,0,
A0751,10,starter,4,monthly,1,14,1,1,
A0752,10,starter,5,annual,1,14,0,0,
A0753,10,starter,5,annual,0,11,0,0,
A0754,10,starter,3,monthly,1,10,2,1,
A0755,10,starter,3,monthly,1,18,1,2,3
A0756,10,starter,3,monthly,0,5,0,0,2
A0757,10,team,13,annual,1,18,2,1,
A0758,10,starter,5,monthly,1,20,2,2,
A0759,10,team,12,monthly,1,20,0,0,
A0760,10,starter,1,annual,0,9,2,0,
A0761,10,team,13,monthly,0,11,0,1,1
A0762,10,starter,1,monthly,1,9,1,0,
A0763,10,starter,1,monthly,0,13,1,1,1
A0764,10,business,96,annual,1,19,1,1,
A0765,10,starter,4,monthly,1,11,1,1,
A0766,10,starter,5,monthly,1,10,0,0,2
A0767,10,team,19,monthly,1,20,2,2,
A0768,10,team,18,monthly,1,18,1,0,
A0769,10,starter,4,monthly,0,13,0,0,
A0770,10,starter,1,monthly,0,5,0,0,
A0771,10,starter,3,monthly,0,8,1,2,
A0772,10,starter,1,monthly,0,14,0,1,
A0773,10,team,19,annual,0,16,0,0,
A0774,10,team,12,monthly,1,11,1,1,
A0775,10,team,11,monthly,0,21,1,4,
A0776,10,team,22,monthly,1,7,0,1,
A0777,10,starter,3,monthly,1,22,1,0,
A0778,10,starter,3,monthly,1,7,1,0,1
A0779,10,starter,5,monthly,1,18,1,0,
A0780,10,team,16,monthly,0,18,2,3,
A0781,10,starter,3,annual,1,16,1,1,
A0782,10,team,19,annual,1,13,2,0,
A0783,10,starter,3,monthly,1,26,2,1,
A0784,10,starter,2,monthly,0,13,0,0,
A0785,10,starter,4,monthly,1,24,0,1,
A0786,10,business,62,annual,0,10,1,1,
A0787,10,team,22,monthly,1,17,1,2,
A0788,10,team,21,annual,0,13,0,2,
A0789,10,starter,3,monthly,0,0,0,1,1
A0790,10,starter,3,monthly,0,11,0,0,
A0791,10,team,9,monthly,1,20,0,3,
A0792,10,team,10,annual,1,15,0,2,
A0793,10,starter,5,monthly,0,11,1,1,2
A0794,10,starter,3,monthly,1,14,0,0,1
A0795,10,starter,1,annual,1,11,2,0,
A0796,10,starter,4,monthly,0,9,0,1,
A0797,10,team,14,monthly,1,21,0,0,
A0798,10,starter,4,monthly,0,8,0,2,2
A0799,10,team,17,monthly,1,20,1,3,
A0800,10,team,19,monthly,1,13,0,0,
A0801,10,team,18,monthly,0,9,0,1,2
A0802,10,starter,4,monthly,0,4,0,0,3
A0803,10,team,14,annual,1,18,0,2,
A0804,10,team,14,annual,0,16,0,0,
A0805,10,starter,1,monthly,1,18,2,3,2
A0806,10,starter,4,monthly,0,2,0,1,
A0807,10,starter,5,monthly,0,7,1,0,1
A0808,11,team,17,annual,0,16,0,0,
A0809,11,starter,1,monthly,1,10,0,0,
A0810,11,team,15,monthly,1,17,1,3,
A0811,11,business,110,monthly,1,18,0,2,
A0812,11,team,10,monthly,0,12,0,1,
A0813,11,team,19,monthly,0,6,0,0,1
A0814,11,team,10,annual,1,19,1,1,
A0815,11,starter,3,monthly,0,1,0,1,1
A0816,11,starter,1,monthly,1,13,2,1,
A0817,11,business,115,monthly,0,7,1,2,
A0818,11,starter,4,annual,0,16,0,1,
A0819,11,team,19,monthly,0,7,0,1,
A0820,11,team,16,annual,1,11,0,1,
A0821,11,team,12,monthly,1,23,2,1,
A0822,11,business,96,annual,1,11,1,2,
A0823,11,team,17,monthly,1,14,1,0,
A0824,11,starter,3,monthly,0,13,0,2,
A0825,11,team,10,annual,1,14,1,0,
A0826,11,starter,5,monthly,0,7,1,0,
A0827,11,team,25,monthly,1,22,2,2,
A0828,11,starter,5,monthly,1,18,2,0,
A0829,11,team,17,monthly,1,10,0,1,
A0830,11,business,31,monthly,1,27,1,0,
A0831,11,starter,5,monthly,0,5,0,1,1
A0832,11,starter,1,monthly,1,10,2,0,
A0833,11,team,5,monthly,1,16,2,0,
A0834,11,starter,5,monthly,0,10,0,0,1
A0835,11,starter,4,monthly,0,9,0,0,
A0836,11,team,14,monthly,1,11,1,2,
A0837,11,team,25,annual,0,6,0,2,2
A0838,11,starter,1,monthly,0,9,0,0,
A0839,11,starter,4,monthly,1,22,3,0,
A0840,11,starter,3,monthly,1,18,0,2,
A0841,11,starter,4,monthly,0,12,0,0,
A0842,11,business,100,annual,1,14,1,0,
A0843,11,team,11,monthly,1,21,0,0,
A0844,11,team,14,annual,0,15,0,0,
A0845,11,team,12,monthly,1,25,0,0,
A0846,11,starter,1,monthly,1,17,0,0,
A0847,11,business,68,monthly,1,17,0,1,
A0848,11,business,115,monthly,1,21,1,0,
A0849,11,starter,1,monthly,0,13,0,2,1
A0850,11,business,79,annual,1,21,1,1,
A0851,11,team,12,monthly,0,17,0,1,1
A0852,11,starter,5,monthly,1,16,0,1,
A0853,11,team,20,monthly,1,18,2,1,
A0854,11,starter,2,monthly,0,7,0,4,1
A0855,11,starter,3,monthly,1,15,1,0,1
A0856,11,starter,1,monthly,0,9,0,0,
A0857,11,team,22,monthly,1,20,0,0,1
A0858,11,starter,2,monthly,0,15,0,2,
A0859,11,team,24,annual,0,21,0,0,
A0860,11,team,24,annual,0,10,1,0,
A0861,11,starter,3,monthly,0,12,1,0,
A0862,11,team,25,monthly,0,12,0,0,
A0863,11,starter,4,monthly,1,18,0,2,2
A0864,11,starter,1,monthly,0,11,0,0,
A0865,11,team,16,monthly,1,22,1,0,
A0866,11,starter,3,monthly,1,15,1,2,
A0867,11,starter,4,monthly,1,18,0,1,
A0868,11,team,17,monthly,1,21,2,3,
A0869,11,team,25,monthly,1,20,0,0,
A0870,11,starter,2,monthly,1,20,0,1,
A0871,11,business,60,monthly,1,16,1,2,
A0872,11,starter,3,monthly,0,6,0,1,
A0873,11,starter,2,monthly,0,10,0,1,2
A0874,11,team,19,monthly,1,18,0,2,
A0875,11,starter,3,monthly,0,3,0,1,1
A0876,11,starter,4,monthly,0,8,0,1,
A0877,11,starter,5,monthly,1,16,0,2,2
A0878,11,business,85,monthly,0,17,0,1,
A0879,11,starter,5,monthly,0,9,1,2,1
A0880,11,business,113,annual,0,14,0,1,
A0881,11,starter,2,annual,1,14,0,1,
A0882,11,team,25,monthly,0,17,0,0,
A0883,11,team,11,monthly,1,15,0,1,
A0884,11,starter,4,monthly,1,12,1,2,
A0885,11,starter,1,monthly,1,12,0,0,
A0886,11,business,120,annual,1,11,0,1,
A0887,11,team,14,annual,1,12,2,0,
A0888,11,starter,5,monthly,0,8,0,1,
A0889,11,starter,1,monthly,1,14,0,0,
A0890,11,starter,4,monthly,0,3,1,0,1
A0891,11,business,90,monthly,1,15,0,2,
A0892,11,team,20,monthly,0,16,1,2,
A0893,11,starter,3,annual,1,25,0,0,
A0894,11,starter,1,monthly,0,7,0,0,
A0895,11,team,25,monthly,0,13,1,4,2
A0896,11,starter,4,monthly,1,18,1,0,
A0897,11,business,59,annual,1,11,0,2,
A0898,11,starter,3,monthly,0,11,0,1,1
A0899,11,starter,4,monthly,0,8,0,0,
A0900,12,starter,5,monthly,1,15,0,3,
A0901,12,starter,2,monthly,0,4,1,1,
A0902,12,team,22,monthly,1,10,0,0,
A0903,12,starter,3,monthly,1,10,0,0,1
A0904,12,team,23,monthly,0,6,0,1,
A0905,12,team,23,monthly,1,21,1,2,
A0906,12,team,19,monthly,1,16,2,1,
A0907,12,business,77,annual,1,22,0,0,
A0908,12,business,40,annual,1,20,1,2,
A0909,12,team,9,annual,1,17,1,4,
A0910,12,business,85,annual,1,29,0,2,
A0911,12,starter,1,monthly,1,16,0,1,
A0912,12,team,17,monthly,1,30,2,0,
A0913,12,starter,3,annual,1,19,1,3,
A0914,12,team,21,monthly,0,12,1,0,
A0915,12,starter,5,monthly,0,7,0,3,1
A0916,12,team,16,monthly,1,15,2,0,
A0917,12,starter,1,monthly,1,14,1,2,
A0918,12,starter,3,annual,0,14,0,2,
A0919,12,business,102,annual,1,22,0,0,
A0920,12,team,8,monthly,1,12,0,0,
A0921,12,team,25,monthly,0,15,0,0,
A0922,12,team,8,annual,1,25,0,0,
A0923,12,starter,1,annual,1,11,1,0,
A0924,12,team,16,monthly,1,27,1,0,
A0925,12,starter,2,monthly,1,22,1,1,
A0926,12,business,118,annual,1,15,1,2,
A0927,12,starter,3,monthly,1,17,2,1,
A0928,12,business,59,annual,1,25,1,1,
A0929,12,business,80,annual,1,18,3,2,
A0930,12,starter,4,monthly,0,12,1,2,
A0931,12,starter,1,monthly,1,16,0,2,
A0932,12,team,16,annual,1,19,1,0,
A0933,12,business,120,annual,1,8,0,1,
A0934,12,team,13,monthly,1,17,2,0,
A0935,12,business,47,annual,1,23,1,0,
A0936,12,business,34,annual,1,12,0,3,
A0937,12,starter,4,annual,1,14,0,1,
A0938,12,team,18,annual,1,18,0,0,
A0939,12,starter,1,monthly,0,10,0,0,
A0940,12,team,25,monthly,0,10,0,1,1
A0941,12,starter,3,monthly,1,16,0,0,
A0942,12,team,5,monthly,1,22,0,0,
A0943,12,starter,5,monthly,0,9,0,1,
A0944,12,team,7,monthly,1,23,1,1,
A0945,12,team,13,monthly,1,6,2,2,1
A0946,12,business,36,monthly,1,23,1,0,
A0947,12,team,19,annual,1,15,2,0,
A0948,12,starter,1,monthly,0,9,0,2,1
A0949,12,starter,3,monthly,1,6,1,1,1
A0950,12,team,19,annual,0,21,2,1,
A0951,12,starter,3,monthly,0,0,1,0,
A0952,12,business,31,annual,1,19,2,3,
A0953,12,starter,3,monthly,0,19,0,1,
A0954,12,team,17,monthly,1,22,1,1,
A0955,12,team,21,monthly,0,11,0,0,
A0956,12,starter,5,monthly,0,7,0,0,1
A0957,12,starter,4,monthly,0,3,0,2,
A0958,12,starter,2,monthly,0,11,1,3,
A0959,12,starter,2,monthly,0,1,0,0,
A0960,12,starter,3,monthly,1,14,1,0,1
A0961,12,starter,4,monthly,0,5,0,0,1
A0962,12,starter,5,monthly,0,1,0,0,
A0963,12,starter,2,monthly,0,15,0,2,
A0964,12,business,47,annual,1,14,1,0,
A0965,12,team,18,annual,0,16,0,0,
A0966,12,team,25,monthly,0,24,0,0,
A0967,12,team,24,monthly,0,13,0,1,
A0968,12,business,21,annual,0,18,0,0,
A0969,12,team,23,annual,1,23,2,0,
A0970,12,starter,4,monthly,0,13,1,1,
A0971,12,business,45,monthly,1,25,0,1,
A0972,12,business,91,annual,1,25,0,1,
A0973,12,team,10,annual,0,12,0,0,
A0974,12,team,22,annual,0,9,0,0,
A0975,12,team,18,monthly,1,15,1,0,
A0976,12,starter,2,monthly,1,13,1,0,
A0977,12,starter,2,monthly,1,11,2,0,
A0978,12,starter,2,monthly,0,13,0,1,1
A0979,12,starter,3,monthly,0,9,0,2,1
A0980,12,starter,2,monthly,1,16,1,0,
A0981,12,starter,2,monthly,0,5,0,1,
A0982,12,starter,5,monthly,1,16,1,1,
A0983,12,team,6,annual,1,16,0,1,
A0984,12,starter,1,monthly,0,15,0,1,
A0985,12,starter,5,monthly,0,12,0,0,
A0986,12,team,14,monthly,0,15,1,1,
A0987,12,starter,2,monthly,0,8,0,0,1
A0988,12,starter,3,monthly,1,6,0,1,1
A0989,12,team,17,annual,0,6,0,1,
A0990,12,team,10,annual,0,20,0,1,
A0991,12,team,7,monthly,1,21,0,1,
A0992,12,starter,4,monthly,0,13,0,0,
A0993,12,starter,3,annual,1,13,1,2,
A0994,12,starter,5,monthly,1,8,3,0,1
A0995,12,starter,5,monthly,1,11,1,0,
A0996,12,starter,3,monthly,0,1,0,1,1
A0997,12,team,9,monthly,1,17,2,0,
