week,PMP-100,VLV-220,FLT-310,SNS-410,GSK-500,MTR-620,BRG-710,CBL-800
1,34,181,74,20,56,16,460,67
2,40,156,141,58,328,11,480,123
3,35,255,48,14,432,1,348,7
4,46,93,67,35,242,31,388,43
5,49,153,78,11,253,18,328,41
6,31,111,130,0,117,0,233,56
7,50,73,134,47,226,12,335,79
8,43,180,57,20,411,10,468,11
9,45,280,114,36,218,16,495,62
10,46,175,103,71,174,10,271,80
11,32,192,47,54,344,13,393,52
12,38,233,63,13,194,12,235,82
13,45,198,102,35,302,18,384,0
14,54,187,100,69,381,12,492,60
15,30,212,97,34,145,2,360,78
16,54,201,115,11,287,15,474,20
17,42,256,134,46,325,13,311,58
18,38,269,96,61,310,2,459,50
19,45,177,70,26,307,16,397,56
20,37,320,116,5,348,10,408,0
21,30,169,150,65,234,17,417,103
22,38,272,27,0,336,0,405,63
23,49,188,115,35,236,3,396,87
24,44,238,84,34,414,6,329,85
25,52,189,58,19,326,18,403,94
26,37,106,144,6,417,28,349,26
27,23,199,76,55,184,19,323,34
28,40,170,104,47,221,19,374,77
29,36,186,166,54,184,0,314,105
30,31,210,124,32,169,2,350,103
31,41,167,99,88,255,12,363,32
32,62,264,43,46,175,27,341,40
33,37,321,22,0,295,20,319,0
34,43,110,155,14,224,19,137,6
35,36,128,86,23,155,9,397,0
36,56,213,61,32,199,12,454,111
37,39,163,86,36,209,18,429,59
38,14,249,70,69,367,22,484,85
39,54,298,122,24,381,11,555,71
40,32,209,66,34,369,6,408,4
41,41,279,95,13,201,3,468,33
42,31,237,103,3,180,19,509,40
43,41,140,44,33,241,23,437,63
44,29,264,121,21,407,1,336,72
45,42,212,104,14,330,24,392,34
46,40,56,20,22,195,25,437,6
47,33,165,156,8,174,22,276,43
48,39,84,0,50,206,4,376,83
49,52,175,78,36,245,15,382,84
50,37,172,0,32,212,0,380,40
51,35,192,84,26,151,3,314,87
52,50,242,117,0,293,3,317,65
