sku,po,lead_time_weeks
PMP-100,PO-PMP00,2.7
PMP-100,PO-PMP01,3.2
PMP-100,PO-PMP02,2.8
PMP-100,PO-PMP03,3.0
PMP-100,PO-PMP04,3.3
PMP-100,PO-PMP05,3.1
PMP-100,PO-PMP06,3.1
PMP-100,PO-PMP07,3.1
PMP-100,PO-PMP08,2.9
PMP-100,PO-PMP09,2.7
VLV-220,PO-VLV00,1.7
VLV-220,PO-VLV01,1.9
VLV-220,PO-VLV02,2.2
VLV-220,PO-VLV03,2.3
VLV-220,PO-VLV04,1.8
VLV-220,PO-VLV05,2.2
VLV-220,PO-VLV06,2.0
VLV-220,PO-VLV07,1.7
VLV-220,PO-VLV08,2.3
VLV-220,PO-VLV09,1.4
FLT-310,PO-FLT00,4.3
FLT-310,PO-FLT01,4.7
FLT-310,PO-FLT02,2.6
FLT-310,PO-FLT03,5.1
FLT-310,PO-FLT04,3.9
FLT-310,PO-FLT05,3.0
FLT-310,PO-FLT06,4.2
FLT-310,PO-FLT07,3.0
FLT-310,PO-FLT08,4.9
FLT-310,PO-FLT09,3.7
SNS-410,PO-SNS00,4.7
SNS-410,PO-SNS01,7.8
SNS-410,PO-SNS02,4.5
SNS-410,PO-SNS03,6.2
SNS-410,PO-SNS04,3.8
SNS-410,PO-SNS05,6.0
SNS-410,PO-SNS06,9.4
SNS-410,PO-SNS07,7.6
SNS-410,PO-SNS08,5.7
SNS-410,PO-SNS09,8.6
GSK-500,PO-GSK00,1.4
GSK-500,PO-GSK01,1.6
GSK-500,PO-GSK02,1.3
GSK-500,PO-GSK03,1.6
GSK-500,PO-GSK04,1.2
GSK-500,PO-GSK05,1.3
GSK-500,PO-GSK06,1.3
GSK-500,PO-GSK07,1.4
GSK-500,PO-GSK08,1.3
GSK-500,PO-GSK09,1.7
MTR-620,PO-MTR00,8.3
MTR-620,PO-MTR01,8.0
MTR-620,PO-MTR02,9.1
MTR-620,PO-MTR03,9.0
MTR-620,PO-MTR04,8.6
MTR-620,PO-MTR05,3.3
MTR-620,PO-MTR06,7.1
MTR-620,PO-MTR07,7.5
MTR-620,PO-MTR08,4.7
MTR-620,PO-MTR09,8.9
BRG-710,PO-BRG00,3.4
BRG-710,PO-BRG01,2.3
BRG-710,PO-BRG02,2.2
BRG-710,PO-BRG03,2.7
BRG-710,PO-BRG04,2.1
BRG-710,PO-BRG05,2.1
BRG-710,PO-BRG06,4.0
BRG-710,PO-BRG07,2.2
BRG-710,PO-BRG08,3.1
BRG-710,PO-BRG09,1.6
CBL-800,PO-CBL00,3.7
CBL-800,PO-CBL01,3.6
CBL-800,PO-CBL02,3.6
CBL-800,PO-CBL03,3.2
CBL-800,PO-CBL04,4.6
CBL-800,PO-CBL05,2.4
CBL-800,PO-CBL06,1.8
CBL-800,PO-CBL07,1.5
CBL-800,PO-CBL08,3.2
CBL-800,PO-CBL09,1.8
