id,model,u,kw,group
gpu-01,HGX-4U-8GPU,4,3.4,
gpu-02,HGX-4U-8GPU,4,3.4,
gpu-03,HGX-4U-8GPU,4,3.4,
gpu-04,HGX-4U-8GPU,4,3.4,
ceph-01,R760xd2-storage,2,1.05,ceph-prod
ceph-02,R760xd2-storage,2,1.05,ceph-prod
ceph-03,R760xd2-storage,2,1.05,ceph-prod
ceph-04,R760xd2-storage,2,1.05,ceph-prod
ceph-05,R760xd2-storage,2,1.05,ceph-prod
ceph-06,R760xd2-storage,2,1.05,ceph-prod
ceph-07,R760xd2-storage,2,1.05,ceph-prod
ceph-08,R760xd2-storage,2,1.05,ceph-prod
db-orders-01,R660-db,1,0.78,db-orders
db-orders-02,R660-db,1,0.78,db-orders
db-orders-03,R660-db,1,0.78,db-orders
db-users-01,R660-db,1,0.78,db-users
db-users-02,R660-db,1,0.78,db-users
db-users-03,R660-db,1,0.78,db-users
kafka-01,R650-broker,1,0.62,kafka
kafka-02,R650-broker,1,0.62,kafka
kafka-03,R650-broker,1,0.62,kafka
kafka-04,R650-broker,1,0.62,kafka
kafka-05,R650-broker,1,0.62,kafka
web-checkout-01,R650xs-web,1,0.41,web-checkout
web-checkout-02,R650xs-web,1,0.41,web-checkout
web-checkout-03,R650xs-web,1,0.41,web-checkout
web-checkout-04,R650xs-web,1,0.41,web-checkout
web-checkout-05,R650xs-web,1,0.41,web-checkout
web-checkout-06,R650xs-web,1,0.41,web-checkout
web-search-01,R650xs-web,1,0.41,web-search
web-search-02,R650xs-web,1,0.41,web-search
web-search-03,R650xs-web,1,0.41,web-search
web-search-04,R650xs-web,1,0.41,web-search
web-search-05,R650xs-web,1,0.41,web-search
web-search-06,R650xs-web,1,0.41,web-search
redis-01,R650xs-cache,1,0.36,redis
redis-02,R650xs-cache,1,0.36,redis
redis-03,R650xs-cache,1,0.36,redis
redis-04,R650xs-cache,1,0.36,redis
ci-01,R6615-runner,1,0.48,
ci-02,R6615-runner,1,0.48,
ci-03,R6615-runner,1,0.48,
ci-04,R6615-runner,1,0.48,
ci-05,R6615-runner,1,0.48,
ci-06,R6615-runner,1,0.48,
ci-07,R6615-runner,1,0.48,
ci-08,R6615-runner,1,0.48,
