shipment_id,week,lane,carrier,mode,distance_km,planned_days,ship_dow,peak_season,weather_index,carrier_otp_90d,delayed
S0000,0,SEA-SLC,Northpass,LTL,1350,2,Fri,0,0.38,0.85,0
S0001,0,CHI-TOR,Redline,FTL,840,3,Tue,0,0.17,0.92,0
S0002,0,SEA-SLC,Redline,FTL,1350,2,Mon,0,0.64,0.94,0
S0003,0,DAL-LAX,Redline,LTL,2320,6,Fri,0,0.73,0.94,1
S0004,0,MEM-NYC,Redline,LTL,1770,5,Mon,0,0.6,0.91,0
S0005,0,LAX-PHX,Crestway,FTL,600,1,Thu,0,0.54,0.81,1
S0006,1,SAV-ATL,Northpass,FTL,400,2,Thu,0,0.36,0.86,0
S0007,1,LAX-PHX,Crestway,LTL,600,2,Wed,0,0.55,0.84,1
S0008,1,SEA-SLC,Redline,Intermodal,1350,4,Wed,0,0.4,0.96,0
S0009,1,ATL-CHI,Redline,FTL,1150,1,Fri,0,0.65,0.92,1
S0010,1,CHI-TOR,Redline,FTL,840,1,Wed,0,0.16,0.95,0
S0011,1,SEA-SLC,Bluewater,Intermodal,1350,3,Fri,0,0.53,0.91,1
S0012,1,SAV-ATL,Crestway,LTL,400,2,Mon,0,0.51,0.78,1
S0013,1,CHI-TOR,Northpass,LTL,840,4,Fri,0,0.36,0.85,1
S0014,1,SEA-SLC,Crestway,FTL,1350,2,Mon,0,0.63,0.8,0
S0015,2,ATL-CHI,Northpass,LTL,1150,3,Thu,0,0.57,0.86,1
S0016,2,CHI-TOR,Northpass,FTL,840,3,Tue,0,0.58,0.87,1
S0017,2,CHI-TOR,Bluewater,LTL,840,3,Thu,0,0.46,0.89,0
S0018,2,MEM-NYC,Redline,LTL,1770,5,Fri,0,0.62,0.95,1
S0019,2,DAL-LAX,Northpass,FTL,2320,5,Tue,0,0.58,0.82,0
S0020,2,MEM-NYC,Bluewater,FTL,1770,2,Thu,0,0.41,0.91,1
S0021,2,LAR-MTY,Bluewater,FTL,240,1,Fri,0,0.3,0.9,1
S0022,2,DAL-LAX,Redline,Intermodal,2320,5,Mon,0,0.28,0.93,1
S0023,2,MEM-NYC,Redline,FTL,1770,4,Wed,0,0.53,0.99,0
S0024,2,ATL-CHI,Crestway,FTL,1150,3,Wed,0,0.52,0.85,0
S0025,2,MEM-NYC,Crestway,FTL,1770,3,Fri,0,0.43,0.79,1
S0026,2,SEA-SLC,Bluewater,LTL,1350,3,Fri,0,0.39,0.91,1
S0027,2,MEM-NYC,Northpass,LTL,1770,5,Mon,0,0.23,0.89,1
S0028,2,LAR-MTY,Redline,LTL,240,2,Tue,0,0.6,0.94,0
S0029,2,DAL-LAX,Redline,FTL,2320,4,Wed,0,0.26,0.96,0
S0030,2,CHI-TOR,Redline,FTL,840,1,Tue,0,0.01,0.94,1
S0031,3,SEA-SLC,Redline,LTL,1350,3,Tue,0,0.44,0.99,0
S0032,3,SEA-SLC,Redline,Intermodal,1350,2,Fri,0,0.36,0.97,0
S0033,3,CHI-TOR,Redline,LTL,840,3,Mon,0,0.15,0.98,0
S0034,3,SAV-ATL,Redline,FTL,400,1,Wed,0,0.43,0.95,0
S0035,3,LAR-MTY,Bluewater,LTL,240,2,Wed,0,0.43,0.89,1
S0036,3,DAL-LAX,Bluewater,FTL,2320,4,Tue,0,0.42,0.91,0
S0037,3,LAR-MTY,Crestway,FTL,240,1,Thu,0,0.63,0.8,1
S0038,3,ATL-CHI,Redline,LTL,1150,2,Tue,0,0.38,0.92,1
S0039,3,LAX-PHX,Crestway,FTL,600,2,Wed,0,0.4,0.85,0
S0040,3,LAX-PHX,Bluewater,LTL,600,3,Tue,0,0.66,0.88,0
S0041,3,MEM-NYC,Northpass,Intermodal,1770,4,Fri,0,0.23,0.85,1
S0042,3,LAX-PHX,Bluewater,FTL,600,1,Mon,0,0.34,0.91,0
S0043,3,SEA-SLC,Northpass,LTL,1350,3,Thu,0,0.67,0.89,1
S0044,3,LAX-PHX,Bluewater,FTL,600,2,Mon,0,0.69,0.9,0
S0045,4,LAR-MTY,Bluewater,LTL,240,2,Mon,0,0.43,0.88,0
S0046,4,SEA-SLC,Bluewater,FTL,1350,3,Wed,0,0.62,0.93,0
S0047,4,SEA-SLC,Crestway,LTL,1350,4,Tue,0,0.51,0.81,0
S0048,4,SAV-ATL,Crestway,FTL,400,1,Wed,0,0.45,0.79,0
S0049,4,SAV-ATL,Northpass,FTL,400,1,Tue,0,0.61,0.86,0
S0050,4,CHI-TOR,Bluewater,FTL,840,2,Tue,0,0.6,0.89,0
S0051,4,LAX-PHX,Northpass,FTL,600,1,Fri,0,0.39,0.84,0
S0052,4,SEA-SLC,Bluewater,Intermodal,1350,3,Tue,0,0.58,0.91,1
S0053,4,LAX-PHX,Bluewater,FTL,600,1,Thu,0,0.44,0.91,0
S0054,4,CHI-TOR,Crestway,LTL,840,4,Fri,0,0.33,0.81,1
S0055,4,DAL-LAX,Crestway,LTL,2320,5,Wed,0,0.63,0.82,0
S0056,4,MEM-NYC,Northpass,FTL,1770,2,Mon,0,0.4,0.86,0
S0057,4,MEM-NYC,Redline,FTL,1770,4,Fri,0,0.43,0.96,0
S0058,4,MEM-NYC,Redline,Intermodal,1770,5,Mon,0,0.55,0.99,0
S0059,4,CHI-TOR,Crestway,FTL,840,3,Tue,0,0.38,0.8,1
S0060,4,MEM-NYC,Redline,Intermodal,1770,5,Fri,0,0.64,0.96,1
S0061,4,CHI-TOR,Redline,FTL,840,2,Mon,0,0.51,0.94,0
S0062,4,CHI-TOR,Bluewater,FTL,840,3,Wed,0,0.6,0.93,1
S0063,4,SEA-SLC,Crestway,FTL,1350,2,Mon,0,0.74,0.83,1
S0064,5,MEM-NYC,Bluewater,FTL,1770,4,Thu,0,0.74,0.92,0
S0065,5,SEA-SLC,Redline,LTL,1350,3,Wed,0,0.55,0.95,0
S0066,5,DAL-LAX,Redline,LTL,2320,6,Wed,0,0.68,0.94,1
S0067,5,DAL-LAX,Northpass,FTL,2320,5,Wed,0,0.58,0.85,0
S0068,5,DAL-LAX,Crestway,Intermodal,2320,5,Fri,0,0.75,0.82,1
S0069,5,MEM-NYC,Northpass,Intermodal,1770,5,Tue,0,0.56,0.87,0
S0070,5,LAX-PHX,Northpass,FTL,600,1,Thu,0,0.25,0.85,0
S0071,5,MEM-NYC,Crestway,LTL,1770,5,Fri,0,0.8,0.82,1
S0072,6,ATL-CHI,Bluewater,FTL,1150,2,Tue,0,0.62,0.89,0
S0073,6,MEM-NYC,Northpass,FTL,1770,2,Thu,0,0.78,0.86,1
S0074,6,DAL-LAX,Bluewater,FTL,2320,5,Thu,0,0.65,0.91,0
S0075,6,MEM-NYC,Bluewater,FTL,1770,3,Tue,0,0.69,0.91,1
S0076,6,ATL-CHI,Redline,Intermodal,1150,3,Wed,0,0.81,0.95,0
S0077,6,SAV-ATL,Redline,LTL,400,2,Tue,0,0.41,0.92,0
S0078,6,ATL-CHI,Northpass,FTL,1150,2,Mon,0,0.47,0.91,0
S0079,6,CHI-TOR,Bluewater,LTL,840,4,Thu,0,0.33,0.92,1
S0080,6,LAR-MTY,Redline,FTL,240,1,Thu,0,0.46,0.96,0
S0081,6,DAL-LAX,Redline,LTL,2320,6,Tue,0,0.52,0.94,0
S0082,6,MEM-NYC,Northpass,FTL,1770,4,Mon,0,0.54,0.87,0
S0083,6,MEM-NYC,Northpass,FTL,1770,4,Fri,0,0.71,0.87,0
S0084,7,SAV-ATL,Bluewater,FTL,400,1,Thu,0,0.75,0.88,1
S0085,7,CHI-TOR,Crestway,FTL,840,3,Mon,0,0.46,0.81,0
S0086,7,DAL-LAX,Redline,LTL,2320,5,Fri,0,0.52,0.94,1
S0087,7,CHI-TOR,Redline,LTL,840,3,Thu,0,0.44,0.97,0
S0088,7,SAV-ATL,Bluewater,FTL,400,1,Thu,0,0.29,0.87,1
S0089,7,MEM-NYC,Northpass,FTL,1770,2,Fri,0,0.66,0.88,1
S0090,7,SEA-SLC,Redline,FTL,1350,3,Wed,0,0.31,0.94,0
S0091,7,ATL-CHI,Redline,LTL,1150,4,Mon,0,0.27,0.95,0
S0092,7,SAV-ATL,Northpass,FTL,400,1,Mon,0,0.36,0.88,0
S0093,7,CHI-TOR,Bluewater,FTL,840,1,Tue,0,0.37,0.93,0
S0094,7,LAX-PHX,Crestway,FTL,600,1,Tue,0,0.45,0.8,0
S0095,7,CHI-TOR,Crestway,FTL,840,2,Wed,0,0.33,0.81,0
S0096,8,SEA-SLC,Crestway,Intermodal,1350,3,Wed,0,0.16,0.8,1
S0097,8,DAL-LAX,Crestway,Intermodal,2320,5,Thu,0,0,0.85,0
S0098,8,LAR-MTY,Redline,FTL,240,1,Fri,0,0.53,0.94,0
S0099,8,SAV-ATL,Crestway,FTL,400,2,Thu,0,0.18,0.78,0
S0100,8,DAL-LAX,Bluewater,LTL,2320,4,Fri,0,0.16,0.89,1
S0101,8,LAX-PHX,Northpass,FTL,600,1,Wed,0,0.01,0.85,0
S0102,8,MEM-NYC,Crestway,FTL,1770,4,Mon,0,0.18,0.81,0
S0103,8,ATL-CHI,Northpass,FTL,1150,3,Wed,0,0.38,0.87,0
S0104,8,LAX-PHX,Crestway,FTL,600,1,Tue,0,0.47,0.81,0
S0105,8,LAR-MTY,Crestway,FTL,240,1,Mon,0,0.26,0.83,0
S0106,8,LAR-MTY,Redline,FTL,240,2,Fri,0,0.14,0.96,0
S0107,9,LAR-MTY,Bluewater,LTL,240,3,Thu,0,0,0.9,0
S0108,9,SEA-SLC,Crestway,FTL,1350,3,Fri,0,0.22,0.8,1
S0109,9,DAL-LAX,Crestway,Intermodal,2320,5,Wed,0,0.3,0.85,1
S0110,9,ATL-CHI,Crestway,FTL,1150,3,Thu,0,0.26,0.81,1
S0111,9,DAL-LAX,Crestway,FTL,2320,5,Thu,0,0.21,0.81,1
S0112,9,SEA-SLC,Crestway,FTL,1350,3,Fri,0,0.18,0.81,1
S0113,9,SAV-ATL,Crestway,LTL,400,2,Wed,0,0.19,0.82,0
S0114,10,CHI-TOR,Bluewater,FTL,840,2,Mon,0,0,0.86,0
S0115,10,DAL-LAX,Crestway,FTL,2320,4,Tue,0,0.45,0.83,1
S0116,10,CHI-TOR,Bluewater,LTL,840,3,Mon,0,0.33,0.92,1
S0117,10,SAV-ATL,Northpass,FTL,400,1,Thu,0,0.23,0.84,0
S0118,10,LAX-PHX,Bluewater,LTL,600,3,Thu,0,0.16,0.92,1
S0119,10,LAR-MTY,Crestway,LTL,240,2,Mon,0,0.19,0.81,1
S0120,10,LAR-MTY,Redline,FTL,240,2,Thu,0,0.39,0.95,1
S0121,10,SAV-ATL,Redline,LTL,400,3,Fri,0,0,0.98,0
S0122,10,LAR-MTY,Northpass,FTL,240,2,Tue,0,0.32,0.85,0
S0123,10,SAV-ATL,Crestway,LTL,400,3,Fri,0,0.11,0.82,1
S0124,10,SEA-SLC,Bluewater,LTL,1350,4,Thu,0,0.13,0.88,1
S0125,11,SEA-SLC,Northpass,LTL,1350,3,Mon,0,0.22,0.87,1
S0126,11,MEM-NYC,Crestway,FTL,1770,2,Fri,0,0.15,0.83,0
S0127,11,MEM-NYC,Northpass,Intermodal,1770,5,Thu,0,0,0.86,0
S0128,11,CHI-TOR,Bluewater,LTL,840,3,Wed,0,0.29,0.93,1
S0129,11,CHI-TOR,Crestway,LTL,840,4,Thu,0,0.39,0.81,0
S0130,11,LAR-MTY,Redline,FTL,240,1,Mon,0,0,0.96,0
S0131,11,ATL-CHI,Bluewater,LTL,1150,4,Thu,0,0.19,0.93,1
S0132,11,SAV-ATL,Crestway,FTL,400,1,Mon,0,0.27,0.82,0
S0133,11,CHI-TOR,Redline,FTL,840,3,Fri,0,0.1,0.95,0
S0134,12,SEA-SLC,Northpass,FTL,1350,3,Wed,0,0.35,0.88,0
S0135,12,CHI-TOR,Redline,LTL,840,4,Wed,0,0.27,0.96,0
S0136,12,DAL-LAX,Northpass,FTL,2320,4,Mon,0,0.34,0.9,0
S0137,12,ATL-CHI,Redline,Intermodal,1150,4,Fri,0,0.45,0.94,1
S0138,12,LAX-PHX,Bluewater,FTL,600,2,Fri,0,0.12,0.91,0
S0139,12,CHI-TOR,Redline,LTL,840,4,Mon,0,0.24,0.96,1
S0140,13,LAX-PHX,Northpass,FTL,600,2,Tue,0,0.47,0.86,0
S0141,13,CHI-TOR,Bluewater,FTL,840,2,Thu,0,0.27,0.91,0
S0142,13,CHI-TOR,Crestway,FTL,840,2,Wed,0,0.21,0.83,1
S0143,13,CHI-TOR,Northpass,FTL,840,2,Thu,0,0.26,0.86,0
S0144,13,CHI-TOR,Northpass,LTL,840,2,Thu,0,0.2,0.9,0
S0145,13,MEM-NYC,Northpass,FTL,1770,2,Tue,0,0.4,0.88,0
S0146,14,SEA-SLC,Redline,FTL,1350,2,Fri,0,0.4,0.98,0
S0147,14,CHI-TOR,Redline,FTL,840,2,Tue,0,0.22,0.97,0
S0148,14,MEM-NYC,Redline,FTL,1770,3,Mon,0,0.1,0.91,0
S0149,14,MEM-NYC,Crestway,Intermodal,1770,5,Tue,0,0.3,0.8,0
S0150,14,MEM-NYC,Crestway,FTL,1770,3,Mon,0,0.3,0.83,0
S0151,14,MEM-NYC,Northpass,FTL,1770,2,Fri,0,0.39,0.86,1
S0152,14,SAV-ATL,Crestway,LTL,400,1,Mon,0,0.26,0.83,1
S0153,14,ATL-CHI,Northpass,Intermodal,1150,4,Thu,0,0.41,0.89,1
S0154,14,DAL-LAX,Bluewater,Intermodal,2320,5,Thu,0,0.08,0.92,0
S0155,15,SEA-SLC,Northpass,FTL,1350,2,Wed,0,0.25,0.86,1
S0156,15,DAL-LAX,Bluewater,FTL,2320,4,Tue,0,0.08,0.89,1
S0157,15,ATL-CHI,Redline,FTL,1150,1,Wed,0,0,0.95,0
S0158,15,SEA-SLC,Redline,Intermodal,1350,4,Fri,0,0.2,0.94,0
S0159,16,CHI-TOR,Bluewater,FTL,840,2,Mon,0,0.55,0.86,0
S0160,16,CHI-TOR,Northpass,FTL,840,3,Mon,0,0,0.86,0
S0161,16,SAV-ATL,Crestway,FTL,400,2,Thu,0,0.06,0.82,0
S0162,16,CHI-TOR,Redline,FTL,840,2,Mon,0,0.45,0.96,0
S0163,16,LAX-PHX,Northpass,LTL,600,1,Mon,0,0.04,0.89,0
S0164,16,ATL-CHI,Redline,FTL,1150,1,Mon,0,0.39,0.98,0
S0165,16,LAR-MTY,Bluewater,FTL,240,1,Mon,0,0.04,0.91,1
S0166,16,MEM-NYC,Northpass,LTL,1770,5,Fri,0,0.32,0.88,0
S0167,16,LAR-MTY,Redline,FTL,240,1,Thu,0,0.36,0.93,0
S0168,16,SAV-ATL,Bluewater,LTL,400,3,Tue,0,0.16,0.9,0
S0169,16,LAR-MTY,Northpass,FTL,240,2,Tue,0,0.19,0.9,0
S0170,17,MEM-NYC,Redline,FTL,1770,4,Fri,0,0.11,0.97,1
S0171,17,CHI-TOR,Crestway,FTL,840,2,Mon,0,0.21,0.78,0
S0172,17,SEA-SLC,Crestway,LTL,1350,3,Thu,0,0,0.82,0
S0173,17,LAX-PHX,Bluewater,LTL,600,2,Tue,0,0.13,0.89,0
S0174,17,MEM-NYC,Crestway,FTL,1770,4,Tue,0,0,0.81,0
S0175,17,LAR-MTY,Crestway,FTL,240,1,Thu,0,0.02,0.85,0
S0176,17,LAX-PHX,Redline,LTL,600,3,Thu,0,0.48,0.95,0
S0177,17,LAR-MTY,Redline,FTL,240,1,Wed,0,0.26,0.93,0
S0178,17,ATL-CHI,Crestway,LTL,1150,2,Mon,0,0.57,0.77,0
S0179,17,SAV-ATL,Bluewater,FTL,400,1,Wed,0,0.15,0.9,0
S0180,18,SAV-ATL,Redline,FTL,400,1,Wed,0,0.32,0.99,0
S0181,18,LAX-PHX,Northpass,FTL,600,1,Fri,0,0.13,0.87,1
S0182,18,MEM-NYC,Redline,FTL,1770,4,Thu,0,0.18,0.94,1
S0183,18,ATL-CHI,Crestway,LTL,1150,4,Fri,0,0.4,0.82,1
S0184,18,CHI-TOR,Northpass,FTL,840,3,Tue,0,0.39,0.89,0
S0185,18,MEM-NYC,Crestway,Intermodal,1770,5,Fri,0,0.22,0.81,0
S0186,18,ATL-CHI,Bluewater,LTL,1150,3,Thu,0,0.61,0.89,1
S0187,18,SEA-SLC,Northpass,Intermodal,1350,4,Mon,0,0.21,0.82,0
S0188,19,DAL-LAX,Northpass,LTL,2320,5,Wed,0,0.06,0.86,0
S0189,19,LAR-MTY,Bluewater,FTL,240,2,Thu,0,0.1,0.93,0
S0190,19,LAR-MTY,Northpass,LTL,240,2,Fri,0,0.32,0.87,1
S0191,19,ATL-CHI,Bluewater,Intermodal,1150,2,Fri,0,0.1,0.92,1
S0192,19,SAV-ATL,Redline,FTL,400,2,Fri,0,0.33,0.95,0
S0193,19,MEM-NYC,Northpass,Intermodal,1770,5,Wed,0,0.21,0.87,0
S0194,19,LAX-PHX,Bluewater,LTL,600,2,Tue,0,0.28,0.89,1
S0195,19,CHI-TOR,Redline,FTL,840,1,Mon,0,0.5,0.95,1
S0196,20,SEA-SLC,Redline,FTL,1350,3,Thu,0,0.24,0.95,0
S0197,20,ATL-CHI,Northpass,Intermodal,1150,3,Thu,0,0.17,0.88,0
S0198,20,DAL-LAX,Redline,LTL,2320,5,Tue,0,0.41,0.94,1
S0199,20,SAV-ATL,Redline,FTL,400,2,Mon,0,0.26,0.95,0
S0200,20,SAV-ATL,Bluewater,LTL,400,3,Thu,0,0.12,0.89,0
S0201,20,LAR-MTY,Bluewater,FTL,240,2,Thu,0,0.13,0.94,0
S0202,20,SEA-SLC,Crestway,Intermodal,1350,2,Thu,0,0.12,0.79,0
S0203,20,LAX-PHX,Crestway,LTL,600,3,Fri,0,0.13,0.84,0
S0204,20,CHI-TOR,Crestway,FTL,840,3,Tue,0,0.27,0.77,1
S0205,21,ATL-CHI,Bluewater,LTL,1150,2,Tue,0,0.44,0.9,0
S0206,21,ATL-CHI,Redline,Intermodal,1150,3,Wed,0,0.22,0.96,0
S0207,21,SAV-ATL,Crestway,LTL,400,3,Mon,0,0.32,0.8,0
S0208,21,LAX-PHX,Crestway,FTL,600,2,Wed,0,0.32,0.82,0
S0209,21,LAX-PHX,Northpass,LTL,600,1,Wed,0,0.22,0.85,1
S0210,22,LAR-MTY,Redline,FTL,240,1,Thu,0,0.1,0.96,0
S0211,22,MEM-NYC,Bluewater,LTL,1770,5,Thu,0,0.16,0.88,1
S0212,22,ATL-CHI,Bluewater,Intermodal,1150,2,Thu,0,0.16,0.88,1
S0213,22,LAX-PHX,Crestway,FTL,600,1,Thu,0,0.53,0.82,0
S0214,22,LAX-PHX,Redline,LTL,600,3,Mon,0,0.18,0.96,0
S0215,22,MEM-NYC,Northpass,FTL,1770,2,Mon,0,0.42,0.91,0
S0216,22,DAL-LAX,Bluewater,FTL,2320,4,Wed,0,0.03,0.87,0
S0217,22,CHI-TOR,Bluewater,LTL,840,4,Thu,0,0.4,0.89,1
S0218,22,SEA-SLC,Bluewater,LTL,1350,4,Tue,0,0.17,0.89,0
S0219,23,LAR-MTY,Redline,FTL,240,1,Fri,0,0.09,0.95,0
S0220,23,CHI-TOR,Crestway,FTL,840,2,Wed,0,0.37,0.81,0
S0221,23,CHI-TOR,Northpass,FTL,840,2,Fri,0,0.09,0.86,0
S0222,23,DAL-LAX,Northpass,FTL,2320,4,Tue,0,0.47,0.89,0
S0223,23,SEA-SLC,Bluewater,FTL,1350,2,Mon,0,0,0.9,0
S0224,23,LAX-PHX,Crestway,FTL,600,2,Fri,0,0.23,0.78,1
S0225,23,MEM-NYC,Northpass,LTL,1770,4,Mon,0,0.24,0.87,1
S0226,23,LAX-PHX,Crestway,FTL,600,1,Thu,0,0.19,0.81,0
S0227,23,CHI-TOR,Redline,FTL,840,2,Tue,0,0.5,0.93,0
S0228,23,LAX-PHX,Redline,FTL,600,1,Fri,0,0.15,0.98,0
S0229,23,CHI-TOR,Bluewater,FTL,840,2,Mon,0,0.25,0.87,0
S0230,24,CHI-TOR,Redline,FTL,840,1,Wed,0,0.15,0.91,0
S0231,24,DAL-LAX,Redline,FTL,2320,4,Thu,0,0.52,0.96,0
S0232,24,DAL-LAX,Northpass,LTL,2320,6,Mon,0,0.13,0.89,1
S0233,24,SAV-ATL,Crestway,FTL,400,2,Thu,0,0.14,0.8,1
S0234,24,LAR-MTY,Northpass,LTL,240,2,Fri,0,0.37,0.89,1
S0235,24,DAL-LAX,Redline,Intermodal,2320,5,Mon,0,0.09,0.92,0
S0236,24,SEA-SLC,Northpass,LTL,1350,3,Tue,0,0.11,0.85,0
S0237,24,LAX-PHX,Northpass,FTL,600,2,Tue,0,0.09,0.85,0
S0238,25,CHI-TOR,Redline,LTL,840,3,Mon,0,0.33,0.94,1
S0239,25,LAX-PHX,Crestway,FTL,600,2,Tue,0,0.03,0.81,0
S0240,25,DAL-LAX,Crestway,LTL,2320,6,Tue,0,0.33,0.79,0
S0241,25,LAX-PHX,Bluewater,FTL,600,2,Tue,0,0.09,0.87,0
S0242,25,SEA-SLC,Crestway,FTL,1350,2,Wed,0,0.17,0.84,0
S0243,25,DAL-LAX,Crestway,FTL,2320,4,Thu,0,0.24,0.84,0
S0244,26,DAL-LAX,Bluewater,Intermodal,2320,4,Mon,0,0.09,0.9,0
S0245,26,CHI-TOR,Northpass,FTL,840,3,Mon,0,0.3,0.86,0
S0246,26,CHI-TOR,Crestway,FTL,840,1,Wed,0,0.27,0.81,0
S0247,26,CHI-TOR,Crestway,LTL,840,3,Fri,0,0.46,0.83,1
S0248,26,ATL-CHI,Bluewater,LTL,1150,2,Wed,0,0.09,0.91,0
S0249,26,CHI-TOR,Northpass,FTL,840,3,Wed,0,0.31,0.86,1
S0250,27,LAX-PHX,Northpass,FTL,600,1,Tue,0,0.27,0.86,0
S0251,27,MEM-NYC,Northpass,LTL,1770,4,Mon,0,0.25,0.87,0
S0252,27,ATL-CHI,Northpass,Intermodal,1150,3,Tue,0,0.08,0.84,0
S0253,27,SEA-SLC,Redline,Intermodal,1350,2,Wed,0,0.24,0.94,0
S0254,27,CHI-TOR,Redline,FTL,840,1,Wed,0,0.54,0.97,0
S0255,27,SAV-ATL,Redline,FTL,400,2,Mon,0,0.04,0.93,0
S0256,27,CHI-TOR,Crestway,LTL,840,4,Fri,0,0,0.82,1
S0257,27,SEA-SLC,Crestway,FTL,1350,3,Tue,0,0.27,0.83,1
S0258,27,CHI-TOR,Bluewater,FTL,840,2,Wed,0,0.16,0.91,0
S0259,27,SAV-ATL,Northpass,FTL,400,2,Thu,0,0.2,0.86,0
S0260,27,ATL-CHI,Northpass,FTL,1150,3,Fri,0,0.27,0.87,0
S0261,27,SAV-ATL,Bluewater,LTL,400,2,Thu,0,0.27,0.91,0
S0262,27,DAL-LAX,Bluewater,FTL,2320,4,Fri,0,0.06,0.92,0
S0263,27,SEA-SLC,Northpass,Intermodal,1350,3,Wed,0,0.25,0.87,0
S0264,27,CHI-TOR,Redline,LTL,840,3,Tue,0,0.01,0.95,0
S0265,28,LAR-MTY,Northpass,FTL,240,1,Mon,0,0.14,0.86,1
S0266,28,ATL-CHI,Bluewater,LTL,1150,3,Wed,0,0.11,0.88,0
S0267,28,LAX-PHX,Redline,LTL,600,2,Tue,0,0.41,0.94,0
S0268,28,SEA-SLC,Bluewater,Intermodal,1350,3,Fri,0,0.17,0.91,0
S0269,28,MEM-NYC,Redline,FTL,1770,3,Wed,0,0.5,0.98,0
S0270,28,MEM-NYC,Redline,FTL,1770,3,Fri,0,0.56,0.98,0
S0271,28,SAV-ATL,Redline,FTL,400,2,Mon,0,0.21,0.98,0
S0272,28,CHI-TOR,Crestway,FTL,840,3,Thu,0,0.12,0.8,1
S0273,28,MEM-NYC,Redline,LTL,1770,5,Mon,0,0.33,0.97,1
S0274,29,DAL-LAX,Redline,FTL,2320,5,Thu,0,0.23,0.95,0
S0275,29,DAL-LAX,Redline,FTL,2320,4,Wed,0,0.31,0.94,0
S0276,29,ATL-CHI,Bluewater,LTL,1150,3,Wed,0,0.27,0.89,0
S0277,29,SAV-ATL,Northpass,FTL,400,1,Wed,0,0.28,0.87,0
S0278,29,LAX-PHX,Redline,FTL,600,1,Tue,0,0.4,0.95,0
S0279,29,LAR-MTY,Bluewater,LTL,240,3,Wed,0,0.3,0.9,0
S0280,29,ATL-CHI,Northpass,LTL,1150,2,Thu,0,0.76,0.86,1
S0281,30,DAL-LAX,Crestway,FTL,2320,4,Tue,0,0.44,0.81,0
S0282,30,DAL-LAX,Redline,FTL,2320,4,Tue,0,0.47,0.95,0
S0283,30,LAX-PHX,Northpass,FTL,600,1,Wed,0,0.3,0.91,0
S0284,30,CHI-TOR,Northpass,FTL,840,1,Mon,0,0.3,0.85,1
S0285,30,MEM-NYC,Bluewater,LTL,1770,5,Wed,0,0.54,0.92,0
S0286,30,MEM-NYC,Crestway,FTL,1770,4,Fri,0,0.25,0.82,1
S0287,30,CHI-TOR,Crestway,FTL,840,1,Mon,0,0.32,0.82,1
S0288,30,LAX-PHX,Redline,LTL,600,1,Mon,0,0.37,0.95,1
S0289,30,CHI-TOR,Crestway,LTL,840,2,Wed,0,0,0.82,1
S0290,31,LAX-PHX,Crestway,LTL,600,2,Fri,0,0.27,0.83,1
S0291,31,SAV-ATL,Redline,LTL,400,2,Fri,0,0.05,0.95,0
S0292,31,MEM-NYC,Redline,LTL,1770,5,Tue,0,0.14,0.98,0
S0293,31,LAR-MTY,Crestway,FTL,240,1,Thu,0,0.2,0.81,1
S0294,31,ATL-CHI,Northpass,FTL,1150,2,Thu,0,0.09,0.88,0
S0295,31,LAX-PHX,Northpass,LTL,600,1,Mon,0,0.13,0.86,1
S0296,31,MEM-NYC,Bluewater,FTL,1770,3,Wed,0,0.22,0.86,0
S0297,31,CHI-TOR,Northpass,FTL,840,3,Wed,0,0.18,0.88,0
S0298,31,DAL-LAX,Northpass,LTL,2320,6,Tue,0,0.2,0.89,0
S0299,31,SEA-SLC,Northpass,FTL,1350,3,Tue,0,0.31,0.91,0
S0300,32,ATL-CHI,Bluewater,LTL,1150,2,Fri,0,0.1,0.87,0
S0301,32,LAX-PHX,Redline,FTL,600,2,Tue,0,0.12,0.95,0
S0302,32,CHI-TOR,Bluewater,LTL,840,3,Thu,0,0.09,0.9,0
S0303,32,MEM-NYC,Bluewater,FTL,1770,2,Thu,0,0.42,0.88,0
S0304,32,MEM-NYC,Bluewater,FTL,1770,4,Wed,0,0.19,0.91,0
S0305,32,LAR-MTY,Redline,LTL,240,3,Thu,0,0.26,0.95,1
S0306,32,DAL-LAX,Redline,FTL,2320,4,Tue,0,0.4,0.97,0
S0307,32,SAV-ATL,Redline,FTL,400,1,Fri,0,0.27,0.95,0
S0308,32,MEM-NYC,Crestway,LTL,1770,4,Mon,0,0.53,0.79,0
S0309,32,LAX-PHX,Redline,FTL,600,1,Thu,0,0.5,0.93,0
S0310,32,LAX-PHX,Northpass,LTL,600,3,Thu,0,0.13,0.9,0
S0311,32,SEA-SLC,Redline,LTL,1350,4,Wed,0,0.02,0.95,0
S0312,32,LAX-PHX,Redline,LTL,600,2,Mon,0,0.45,0.97,1
S0313,32,CHI-TOR,Crestway,FTL,840,3,Fri,0,0.12,0.8,1
S0314,32,LAX-PHX,Crestway,LTL,600,3,Wed,0,0.19,0.8,1
S0315,32,DAL-LAX,Redline,Intermodal,2320,6,Tue,0,0.15,0.96,0
S0316,33,SEA-SLC,Bluewater,LTL,1350,2,Thu,0,0.56,0.91,0
S0317,33,SEA-SLC,Bluewater,LTL,1350,3,Wed,0,0,0.85,0
S0318,33,DAL-LAX,Redline,FTL,2320,3,Thu,0,0,0.97,1
S0319,33,LAR-MTY,Redline,LTL,240,2,Wed,0,0.12,0.96,0
S0320,33,MEM-NYC,Redline,LTL,1770,3,Tue,0,0.38,0.95,0
S0321,33,SAV-ATL,Redline,FTL,400,2,Mon,0,0.07,0.95,0
S0322,33,CHI-TOR,Redline,LTL,840,4,Tue,0,0.38,0.97,1
S0323,33,CHI-TOR,Crestway,LTL,840,2,Mon,0,0.01,0.76,0
S0324,33,CHI-TOR,Bluewater,FTL,840,3,Wed,0,0.14,0.91,0
S0325,34,CHI-TOR,Redline,LTL,840,3,Wed,1,0.14,0.95,1
S0326,34,SAV-ATL,Crestway,FTL,400,2,Thu,1,0,0.81,0
S0327,34,DAL-LAX,Redline,Intermodal,2320,5,Mon,1,0.06,0.98,0
S0328,34,ATL-CHI,Northpass,LTL,1150,3,Mon,1,0.19,0.87,0
S0329,34,SAV-ATL,Bluewater,FTL,400,2,Wed,1,0.26,0.89,0
S0330,34,LAX-PHX,Northpass,LTL,600,2,Thu,1,0.13,0.86,0
S0331,34,LAX-PHX,Northpass,FTL,600,1,Wed,1,0,0.88,0
S0332,34,DAL-LAX,Redline,FTL,2320,4,Thu,1,0.17,0.96,0
S0333,34,MEM-NYC,Northpass,FTL,1770,4,Tue,1,0.26,0.88,0
S0334,34,LAR-MTY,Redline,FTL,240,2,Mon,1,0.25,0.9,0
S0335,34,CHI-TOR,Northpass,FTL,840,2,Thu,1,0.39,0.89,1
S0336,35,LAX-PHX,Bluewater,LTL,600,3,Mon,1,0.2,0.9,1
S0337,35,DAL-LAX,Northpass,FTL,2320,4,Fri,1,0.13,0.89,0
S0338,35,CHI-TOR,Redline,LTL,840,3,Wed,1,0.43,0.96,1
S0339,35,DAL-LAX,Bluewater,FTL,2320,5,Fri,1,0.28,0.87,0
S0340,35,MEM-NYC,Redline,Intermodal,1770,4,Fri,1,0.24,0.98,1
S0341,35,LAR-MTY,Bluewater,FTL,240,1,Wed,1,0,0.87,0
S0342,36,MEM-NYC,Bluewater,LTL,1770,3,Fri,0,0.44,0.89,0
S0343,36,CHI-TOR,Redline,LTL,840,4,Tue,0,0.07,0.93,1
S0344,36,ATL-CHI,Northpass,FTL,1150,3,Thu,0,0.1,0.87,0
S0345,36,LAR-MTY,Bluewater,FTL,240,1,Fri,0,0.19,0.88,0
S0346,36,DAL-LAX,Crestway,Intermodal,2320,5,Tue,0,0.36,0.78,1
S0347,36,DAL-LAX,Crestway,FTL,2320,3,Mon,0,0,0.8,0
S0348,36,ATL-CHI,Northpass,Intermodal,1150,4,Mon,0,0.12,0.86,0
S0349,36,CHI-TOR,Bluewater,LTL,840,3,Thu,0,0.09,0.9,0
S0350,36,ATL-CHI,Redline,Intermodal,1150,4,Mon,0,0.32,0.96,0
S0351,36,SEA-SLC,Northpass,Intermodal,1350,4,Fri,0,0.66,0.89,0
S0352,36,CHI-TOR,Crestway,FTL,840,2,Tue,0,0.28,0.82,1
S0353,36,MEM-NYC,Northpass,LTL,1770,4,Mon,0,0.22,0.88,0
S0354,37,DAL-LAX,Crestway,Intermodal,2320,6,Mon,0,0.05,0.81,0
S0355,37,SAV-ATL,Northpass,LTL,400,1,Wed,0,0.1,0.89,0
S0356,37,LAR-MTY,Bluewater,LTL,240,3,Tue,0,0.21,0.94,1
S0357,37,SAV-ATL,Redline,FTL,400,1,Mon,0,0.23,0.93,0
S0358,37,LAX-PHX,Bluewater,FTL,600,2,Mon,0,0.23,0.91,0
S0359,37,MEM-NYC,Redline,Intermodal,1770,4,Mon,0,0.49,0.95,0
S0360,37,LAR-MTY,Northpass,FTL,240,1,Tue,0,0.02,0.85,0
S0361,37,LAX-PHX,Northpass,FTL,600,2,Wed,0,0,0.89,0
S0362,37,ATL-CHI,Bluewater,LTL,1150,2,Tue,0,0.42,0.9,0
S0363,38,SEA-SLC,Redline,FTL,1350,3,Wed,0,0.23,0.94,0
S0364,38,SAV-ATL,Bluewater,FTL,400,2,Fri,0,0.05,0.9,0
S0365,38,DAL-LAX,Redline,FTL,2320,4,Fri,0,0.63,0.95,0
S0366,38,MEM-NYC,Crestway,FTL,1770,4,Mon,0,0.38,0.8,0
S0367,38,SAV-ATL,Bluewater,LTL,400,1,Tue,0,0,0.9,0
S0368,38,ATL-CHI,Redline,FTL,1150,3,Wed,0,0.13,0.94,0
S0369,38,LAX-PHX,Bluewater,FTL,600,1,Fri,0,0.31,0.86,1
S0370,38,MEM-NYC,Northpass,FTL,1770,3,Thu,0,0.39,0.82,1
S0371,39,LAX-PHX,Redline,LTL,600,1,Thu,0,0.29,0.95,0
S0372,39,DAL-LAX,Bluewater,FTL,2320,5,Wed,0,0.61,0.94,0
S0373,39,LAX-PHX,Northpass,LTL,600,1,Tue,0,0.4,0.86,1
S0374,39,SAV-ATL,Northpass,FTL,400,2,Fri,0,0.48,0.86,0
S0375,39,LAX-PHX,Bluewater,FTL,600,2,Mon,0,0.02,0.89,1
S0376,39,LAX-PHX,Northpass,FTL,600,1,Tue,0,0.45,0.91,0
S0377,39,LAX-PHX,Bluewater,LTL,600,3,Wed,0,0.34,0.9,0
S0378,39,LAX-PHX,Northpass,LTL,600,3,Mon,0,0.08,0.88,0
S0379,39,DAL-LAX,Redline,FTL,2320,4,Fri,0,0.27,0.9,0
S0380,39,LAX-PHX,Crestway,LTL,600,1,Thu,0,0.33,0.83,1
S0381,39,ATL-CHI,Redline,FTL,1150,2,Mon,0,0.22,0.94,0
S0382,39,LAR-MTY,Bluewater,FTL,240,2,Mon,0,0,0.9,0
S0383,39,MEM-NYC,Redline,LTL,1770,4,Thu,0,0.32,0.98,0
S0384,40,ATL-CHI,Crestway,FTL,1150,1,Fri,1,0.22,0.82,0
S0385,40,CHI-TOR,Crestway,LTL,840,3,Fri,1,0.22,0.82,1
S0386,40,MEM-NYC,Crestway,FTL,1770,4,Fri,1,0.13,0.85,1
S0387,40,CHI-TOR,Redline,FTL,840,1,Mon,1,0.23,0.94,1
S0388,40,SEA-SLC,Redline,LTL,1350,4,Fri,1,0.13,0.97,1
S0389,40,LAX-PHX,Redline,LTL,600,2,Mon,1,0,0.92,0
S0390,40,DAL-LAX,Redline,FTL,2320,5,Fri,1,0.06,0.94,0
S0391,40,DAL-LAX,Redline,LTL,2320,5,Wed,1,0.21,0.95,0
S0392,40,LAX-PHX,Northpass,FTL,600,1,Mon,1,0.25,0.9,1
S0393,40,LAX-PHX,Redline,FTL,600,1,Mon,1,0.07,0.95,0
S0394,41,DAL-LAX,Bluewater,FTL,2320,4,Thu,1,0.33,0.88,0
S0395,41,DAL-LAX,Crestway,Intermodal,2320,5,Mon,1,0.06,0.85,0
S0396,41,LAR-MTY,Bluewater,FTL,240,1,Wed,1,0.21,0.94,0
S0397,41,CHI-TOR,Redline,LTL,840,4,Tue,1,0.44,0.93,1
S0398,41,MEM-NYC,Northpass,LTL,1770,5,Wed,1,0.46,0.86,1
S0399,41,LAX-PHX,Northpass,LTL,600,3,Tue,1,0.3,0.86,0
S0400,42,SEA-SLC,Northpass,FTL,1350,3,Fri,1,0.21,0.86,1
S0401,42,DAL-LAX,Bluewater,FTL,2320,5,Mon,1,0.21,0.89,0
S0402,43,CHI-TOR,Redline,FTL,840,3,Tue,1,0.36,0.95,1
S0403,43,SEA-SLC,Crestway,LTL,1350,2,Tue,1,0.26,0.81,1
S0404,43,LAR-MTY,Redline,FTL,240,2,Thu,1,0.22,0.98,0
S0405,43,MEM-NYC,Redline,FTL,1770,4,Mon,1,0.55,0.98,1
S0406,43,CHI-TOR,Redline,FTL,840,2,Mon,1,0.01,0.97,1
S0407,43,LAR-MTY,Redline,FTL,240,1,Mon,1,0.33,0.93,0
S0408,43,DAL-LAX,Northpass,Intermodal,2320,6,Tue,1,0.31,0.89,0
S0409,43,MEM-NYC,Bluewater,LTL,1770,4,Fri,1,0.29,0.9,1
S0410,44,ATL-CHI,Bluewater,LTL,1150,3,Tue,1,0.82,0.91,1
S0411,44,SEA-SLC,Northpass,FTL,1350,3,Fri,1,0.55,0.86,1
S0412,44,MEM-NYC,Northpass,LTL,1770,4,Wed,1,0.71,0.89,1
S0413,44,LAX-PHX,Bluewater,LTL,600,3,Thu,1,1,0.9,0
S0414,44,LAR-MTY,Bluewater,FTL,240,2,Wed,1,0.81,0.86,1
S0415,44,SEA-SLC,Crestway,FTL,1350,3,Fri,1,0.85,0.81,1
S0416,45,MEM-NYC,Northpass,LTL,1770,3,Mon,1,0.69,0.87,0
S0417,45,ATL-CHI,Crestway,LTL,1150,3,Mon,1,0.14,0.79,0
S0418,45,LAX-PHX,Crestway,LTL,600,2,Thu,1,0.65,0.81,1
S0419,45,DAL-LAX,Northpass,FTL,2320,5,Mon,1,0.58,0.88,0
S0420,45,LAX-PHX,Northpass,FTL,600,2,Wed,1,0.8,0.86,1
S0421,45,DAL-LAX,Bluewater,LTL,2320,6,Fri,1,0.45,0.9,1
S0422,45,MEM-NYC,Redline,Intermodal,1770,5,Thu,1,1,0.95,1
S0423,45,CHI-TOR,Redline,FTL,840,2,Mon,1,0.59,0.97,1
S0424,45,SEA-SLC,Redline,FTL,1350,3,Mon,1,0.64,0.96,0
S0425,45,SEA-SLC,Crestway,FTL,1350,3,Wed,1,0.51,0.8,1
S0426,46,DAL-LAX,Northpass,LTL,2320,5,Thu,1,0.44,0.88,1
S0427,46,LAR-MTY,Northpass,FTL,240,1,Wed,1,0.48,0.83,1
S0428,46,CHI-TOR,Northpass,FTL,840,1,Thu,1,0.26,0.89,1
S0429,46,LAX-PHX,Crestway,LTL,600,3,Mon,1,0.53,0.83,0
S0430,46,DAL-LAX,Bluewater,FTL,2320,5,Thu,1,0.45,0.87,0
S0431,46,CHI-TOR,Northpass,LTL,840,3,Tue,1,0.42,0.88,1
S0432,46,ATL-CHI,Bluewater,LTL,1150,3,Wed,1,0.82,0.88,1
S0433,47,ATL-CHI,Redline,Intermodal,1150,3,Wed,1,0.8,0.95,0
S0434,47,SEA-SLC,Crestway,Intermodal,1350,3,Fri,1,0.14,0.78,0
S0435,47,SEA-SLC,Crestway,LTL,1350,4,Mon,1,0.43,0.8,1
S0436,47,CHI-TOR,Northpass,FTL,840,3,Wed,1,0.24,0.89,0
S0437,47,SEA-SLC,Northpass,FTL,1350,3,Fri,1,0.38,0.86,1
S0438,47,SEA-SLC,Bluewater,LTL,1350,4,Wed,1,0.8,0.89,1
S0439,48,CHI-TOR,Redline,FTL,840,3,Fri,0,0.39,0.94,1
S0440,48,SEA-SLC,Crestway,FTL,1350,2,Mon,0,0.59,0.81,0
S0441,48,LAR-MTY,Crestway,FTL,240,1,Tue,0,0.17,0.83,0
S0442,48,SEA-SLC,Redline,Intermodal,1350,3,Mon,0,0.47,0.93,0
S0443,48,SAV-ATL,Crestway,FTL,400,1,Tue,0,0.63,0.8,1
S0444,48,LAX-PHX,Northpass,LTL,600,3,Tue,0,0.37,0.86,0
S0445,48,SAV-ATL,Crestway,FTL,400,2,Fri,0,0.77,0.81,1
S0446,48,LAX-PHX,Bluewater,FTL,600,2,Mon,0,0.17,0.92,0
S0447,48,LAX-PHX,Bluewater,LTL,600,2,Thu,0,0.22,0.87,1
S0448,48,LAX-PHX,Redline,FTL,600,1,Wed,0,0.46,0.95,0
S0449,48,MEM-NYC,Bluewater,FTL,1770,4,Fri,0,0.91,0.9,1
S0450,48,SEA-SLC,Northpass,FTL,1350,3,Mon,0,0.74,0.86,0
S0451,49,MEM-NYC,Bluewater,LTL,1770,4,Wed,0,0.57,0.86,1
S0452,49,DAL-LAX,Crestway,FTL,2320,5,Fri,0,0.57,0.79,1
S0453,49,MEM-NYC,Redline,LTL,1770,5,Thu,0,0.63,0.99,0
S0454,49,CHI-TOR,Bluewater,LTL,840,4,Wed,0,0.66,0.88,1
S0455,49,CHI-TOR,Bluewater,LTL,840,4,Fri,0,0.26,0.89,0
S0456,49,CHI-TOR,Redline,FTL,840,2,Wed,0,0.19,0.98,0
S0457,50,SEA-SLC,Redline,FTL,1350,2,Thu,0,0.24,0.92,0
S0458,50,ATL-CHI,Northpass,Intermodal,1150,3,Wed,0,0.54,0.87,0
S0459,50,ATL-CHI,Redline,FTL,1150,1,Mon,0,0.17,0.95,1
S0460,50,CHI-TOR,Northpass,LTL,840,4,Mon,0,0.16,0.83,1
S0461,50,ATL-CHI,Northpass,FTL,1150,3,Mon,0,0.54,0.86,0
S0462,50,CHI-TOR,Redline,LTL,840,3,Mon,0,0.49,0.97,1
S0463,50,DAL-LAX,Crestway,Intermodal,2320,6,Tue,0,0.41,0.8,1
S0464,50,MEM-NYC,Bluewater,FTL,1770,4,Wed,0,0.26,0.92,0
S0465,50,SEA-SLC,Crestway,LTL,1350,3,Thu,0,0.88,0.8,1
S0466,50,MEM-NYC,Redline,LTL,1770,4,Wed,0,0.63,0.94,0
S0467,50,ATL-CHI,Bluewater,FTL,1150,2,Fri,0,0.56,0.91,0
S0468,51,DAL-LAX,Redline,FTL,2320,3,Thu,0,0.46,0.96,0
S0469,51,LAR-MTY,Bluewater,FTL,240,2,Thu,0,0.19,0.89,0
S0470,51,DAL-LAX,Redline,Intermodal,2320,4,Tue,0,0.5,0.94,0
S0471,51,SAV-ATL,Crestway,LTL,400,3,Mon,0,0.15,0.83,0
S0472,51,SEA-SLC,Bluewater,LTL,1350,3,Wed,0,0.38,0.91,0
S0473,51,MEM-NYC,Crestway,Intermodal,1770,4,Mon,0,0.41,0.79,0
S0474,51,SEA-SLC,Redline,Intermodal,1350,4,Thu,0,0.47,0.95,0
S0475,51,MEM-NYC,Northpass,FTL,1770,4,Thu,0,0.55,0.88,1
S0476,51,SAV-ATL,Crestway,FTL,400,2,Thu,0,0.12,0.79,1
S0477,51,MEM-NYC,Northpass,LTL,1770,5,Tue,0,0.6,0.89,0
S0478,51,ATL-CHI,Bluewater,LTL,1150,3,Tue,0,0.97,0.9,1
S0479,51,LAR-MTY,Northpass,FTL,240,2,Fri,0,0.45,0.88,0
